id,set,kind,query,context_grade,binding_grade,answerable,expected,old-A_top3,old-A_hit3,old-A_wrong_grade,old-A_misleading,old-B_top3,old-B_hit3,old-B_wrong_grade,old-B_misleading,new_top3,new_hit3,new_wrong_grade,new_misleading,evidence
Q001,dev,grade-explicit,חיבור עד 10 כיתה א,,1,yes,topic:1:5,,0,0,0,topic:1:4 מרכיבים ומפרקים עד 10,0,0,1,topic:1:5 חיבור בתחום 10 | topic:1:4 מרכיבים ומפרקים עד 10 | topic:1:6 חיסור בתחום 10,1,0,0,"1:5 ""חיבור בתחום 10"""
Q002,validation,topic-name,חיסור בתחום 20,,,yes,topic:1:9,,0,0,0,topic:1:8 חיבור בתחום 20 | topic:1:9 חיסור בתחום 20,1,0,1,topic:1:9 חיסור בתחום 20 | topic:1:8 חיבור בתחום 20,1,0,0,"1:9 ""חיסור בתחום 20"""
Q003,dev,parent-phrasing,שעון לכיתה א,,1,yes,topic:1:20,,0,0,0,topic:1:20 שעה שלמה | topic:2:25 שעון ומשך זמן | topic:3:19 מדידות זמן ומשקל,1,1,0,topic:1:20 שעה שלמה,1,0,0,"1:20 ""שעה שלמה""; search terms ""שעון מחוגים שעות זמן"""
Q004,validation,topic-name,לוח המאה,,,yes,topic:1:12,,0,0,0,topic:1:12 חוקרים את לוח המאה,1,0,0,topic:1:12 חוקרים את לוח המאה,1,0,0,"1:12 ""חוקרים את לוח המאה"""
Q005,dev,topic-name,דפוסים וסדרות,,,yes,topic:1:11,topic:7:48 מנסרה משולשת חלק 2 — שטח פנים,0,0,1,topic:1:10 שוויון נעלם והשוואת תרגילים | topic:1:11 דפוסים וסדרות | topic:2:21 זוגי אי זוגי וסדרות א,1,0,1,topic:1:11 דפוסים וסדרות | topic:2:21 זוגי אי זוגי וסדרות א | topic:2:22 זוגי אי זוגי וסדרות ב,1,0,0,"1:11 ""דפוסים וסדרות"""
Q006,validation,grade-explicit,מצולעים לכיתה א,,1,yes,topic:1:17,,0,0,0,topic:1:17 מצולעים | topic:3:14 מצולעים צלעות וקודקודים | topic:3:15 היקף מצולעים,1,1,0,topic:1:17 מצולעים,1,0,0,"1:17 ""מצולעים"""
Q007,dev,topic-name,בעיות מילוליות פשוטות,,,yes,topic:1:22 topic:1:14,,0,0,0,topic:1:22 בעיות מילוליות פשוטות | topic:2:24 בעיות מילוליות וכסף פשוט,1,0,0,topic:1:22 בעיות מילוליות פשוטות,1,0,0,"1:22 ""בעיות מילוליות פשוטות""; 1:14 ""בעיות מילוליות בציור ובמספר"""
Q008,validation,topic-name,מודדים אורך,,,yes,topic:1:15 topic:2:23 topic:3:22 topic:4:21,,0,0,0,topic:1:15 מודדים ומשווים אורך,1,0,0,topic:1:15 מודדים ומשווים אורך,1,0,0,"1:15 ""מודדים ומשווים אורך""; 2:23 ""מדידת אורך""; 3:22 ""מדידות אורך סמ ומטר""; 4:21 ""יחידות אורך והמרות"""
Q009,dev,topic-name,פירמידות מספרים,,,yes,topic:1:13,,0,0,0,topic:1:13 שרשראות ופירמידות מספרים,1,0,0,topic:1:13 שרשראות ופירמידות מספרים,1,0,0,"1:13 ""שרשראות ופירמידות מספרים"""
Q010,validation,parent-phrasing,תרגילי חיבור וחיסור לכיתה א,,1,yes,topic:1:5 topic:1:6 topic:1:8 topic:1:9 post:addition-subtraction-grade-1,,0,0,0,,0,0,0,post:addition-subtraction-grade-1 תרגילי חיבור וחיסור לכיתה א׳ לתרגול נכון בבית | topic:1:5 חיבור בתחום 10 | topic:1:6 חיסור בתחום 10,1,0,0,"grade 1 addition/subtraction topics; post ""תרגילי חיבור וחיסור לכיתה א׳"""
Q011,dev,topic-name,חיבור דו ספרתי עם המרה,,,yes,topic:2:6,,0,0,0,topic:2:6 חיבור דו ספרתי עם המרה,1,0,0,topic:2:6 חיבור דו ספרתי עם המרה | topic:2:5 חיבור דו ספרתי ללא המרה,1,0,0,"2:6 ""חיבור דו ספרתי עם המרה"""
Q012,validation,grade-explicit,חיסור עם פריטה כיתה ב,,2,yes,topic:2:8,,0,0,0,topic:2:8 חיסור דו ספרתי עם פריטה | topic:3:7 חיסור בטור עם פריטה,1,1,0,topic:2:8 חיסור דו ספרתי עם פריטה | topic:2:7 חיסור דו ספרתי ללא פריטה,1,0,0,"2:8 ""חיסור דו ספרתי עם פריטה"""
Q013,dev,topic-name,חצי ורבע,,,yes,topic:2:26,,0,0,0,topic:2:26 חצי ורבע,1,0,0,topic:2:26 חצי ורבע,1,0,0,"2:26 ""חצי ורבע"""
Q014,validation,topic-name,זוגי ואי זוגי,,,yes,topic:2:21 topic:2:22,,0,0,0,topic:8:24 החציון,0,0,1,topic:2:21 זוגי אי זוגי וסדרות א | topic:2:22 זוגי אי זוגי וסדרות ב | topic:8:24 החציון,1,0,0,"2:21/22 ""זוגי אי זוגי וסדרות"""
Q015,dev,topic-name,כפל בקבוצות שוות,,,yes,topic:2:16 topic:2:20,,0,0,0,topic:2:16 כפל קבוצות שוות ומערכים | topic:2:20 פי בקבוצות שוות,1,0,0,topic:2:16 כפל קבוצות שוות ומערכים | topic:2:20 פי בקבוצות שוות,1,0,0,"2:16 ""כפל קבוצות שוות ומערכים""; 2:20 ""פי בקבוצות שוות"""
Q016,validation,topic-name,חילוק לחלקים שווים,,,yes,topic:2:18,,0,0,0,topic:2:18 חילוק לחלקים שווים,1,0,0,topic:2:18 חילוק לחלקים שווים,1,0,0,"2:18 ""חילוק לחלקים שווים"""
Q017,dev,spelling-variant,סימטריה,,,yes,topic:2:29 topic:4:26,topic:7:16 משולש שווה־צלעות — העמקה ורשות,0,0,1,topic:2:29 סימטרייה שיקופית אינטואיטיבית | topic:4:26 סימטריה שיקופית וסיבובית | topic:7:16 משולש שווה־צלעות — העמקה ורשות,1,0,0,topic:2:29 סימטרייה שיקופית אינטואיטיבית | topic:4:26 סימטריה שיקופית וסיבובית | topic:9:5 הפונקציה הריבועית,1,0,0,"2:29 ""סימטרייה שיקופית אינטואיטיבית""; 4:26 ""סימטריה שיקופית וסיבובית"""
Q018,validation,grade-explicit,כסף כיתה ב,,2,yes,topic:2:11 topic:2:24,,0,0,0,topic:2:11 בעיות מילוליות וכסף | topic:2:24 בעיות מילוליות וכסף פשוט | topic:3:15 היקף מצולעים,1,1,0,topic:2:11 בעיות מילוליות וכסף | topic:2:24 בעיות מילוליות וכסף פשוט,1,0,0,"2:11 ""בעיות מילוליות וכסף""; 2:24 ""בעיות מילוליות וכסף פשוט"""
Q019,dev,topic-name,שעון ומשך זמן,,,yes,topic:2:25,,0,0,0,topic:2:25 שעון ומשך זמן,1,0,0,topic:2:25 שעון ומשך זמן,1,0,0,"2:25 ""שעון ומשך זמן"""
Q020,validation,topic-name,מאות עשרות ויחידות,,,yes,topic:2:13,,0,0,0,topic:2:3 סדר השוואה וישר מספרים | topic:2:13 מאות עשרות ויחידות,1,0,1,topic:2:13 מאות עשרות ויחידות,1,0,0,"2:13 ""מאות עשרות ויחידות"""
Q021,dev,grade-explicit,ערך מקום כיתה ג,,3,yes,topic:3:1,,0,0,0,topic:2:3 סדר השוואה וישר מספרים | topic:3:1 ערך מקום | topic:3:2 שכנים וישר מספרים,1,1,1,topic:3:1 ערך מקום | topic:3:2 שכנים וישר מספרים | topic:3:3 סדרות ואיתור טעות,1,0,0,"3:1 ""ערך מקום"""
Q022,validation,topic-name,חיבור בטור,,,yes,topic:3:6 topic:4:3,,0,0,0,topic:2:5 חיבור דו ספרתי ללא המרה | topic:2:6 חיבור דו ספרתי עם המרה | topic:3:6 חיבור בטור עם המרה,1,0,1,topic:3:6 חיבור בטור עם המרה | topic:4:3 חיבור רב ספרתי בטור | topic:2:5 חיבור דו ספרתי ללא המרה,1,0,0,"3:6 ""חיבור בטור עם המרה""; 4:3 ""חיבור רב ספרתי בטור"""
Q023,dev,topic-name,שברי יחידה,,,yes,topic:3:11,,0,0,0,topic:3:11 שברי יחידה וחלק משלם,1,0,0,topic:3:11 שברי יחידה וחלק משלם,1,0,0,"3:11 ""שברי יחידה וחלק משלם"""
Q024,validation,topic-name,סוגי זוויות,,,yes,topic:3:12 topic:4:19,"topic:7:11 זוויות חלק 1 — היכרות, סימון ומדידה",0,0,1,"topic:3:12 זווית וסוגי זוויות | topic:4:19 סוגי זוויות | topic:7:11 זוויות חלק 1 — היכרות, סימון ומדידה",1,0,0,"topic:3:12 זווית וסוגי זוויות | topic:4:19 סוגי זוויות | topic:7:11 זוויות חלק 1 — היכרות, סימון ומדידה",1,0,0,"3:12 ""זווית וסוגי זוויות""; 4:19 ""סוגי זוויות"""
Q025,dev,math-distinction,היקף מצולעים,,,yes,topic:3:15 topic:7:44,topic:7:43 פיתגורס חלק 2 — שימושים | topic:7:44 חישובי היקף — צורות מורכבות ואלגברה,1,0,1,topic:3:15 היקף מצולעים | topic:7:43 פיתגורס חלק 2 — שימושים | topic:7:44 חישובי היקף — צורות מורכבות ואלגברה,1,0,0,topic:3:15 היקף מצולעים | topic:7:44 חישובי היקף — צורות מורכבות ואלגברה,1,0,0,"3:15 ""היקף מצולעים""; 7:44 ""חישובי היקף — צורות מורכבות"" (perimeter, not area)"
Q026,validation,topic-name,מיון משולשים,,,yes,topic:3:16 topic:4:20 topic:4:28,topic:7:16 משולש שווה־צלעות — העמקה ורשות,0,0,1,topic:3:16 מיון משולשים | topic:4:20 מיון משולשים | topic:4:28 משולשים מיון ובנייה,1,0,0,topic:3:16 מיון משולשים | topic:4:20 מיון משולשים | topic:4:28 משולשים מיון ובנייה,1,0,0,"3:16/4:20 ""מיון משולשים""; 4:28 ""משולשים מיון ובנייה"""
Q027,dev,grade-explicit,דיאגרמה כיתה ג,,3,yes,topic:3:20,,0,0,0,topic:2:12 קוראים טבלה ודיאגרמת עמודות | topic:3:20 קוראים דיאגרמה | topic:4:25 דיאגרמות ומסקנות,1,1,1,topic:3:20 קוראים דיאגרמה,1,0,0,"3:20 ""קוראים דיאגרמה"""
Q028,validation,topic-name,רבבה,,,yes,topic:3:4,,0,0,0,topic:3:4 אל הרבבה | topic:4:1 מספרים עד מיליון קריאה ופירוק,1,0,0,topic:3:4 אל הרבבה | topic:4:1 מספרים עד מיליון קריאה ופירוק,1,0,0,"3:4 ""אל הרבבה"""
Q029,dev,topic-name,חילוק ובדיקה בכפל,,,yes,topic:3:21,,0,0,0,topic:3:21 חילוק ובדיקה בכפל,1,0,0,topic:3:21 חילוק ובדיקה בכפל | topic:7:34 משוואות חד־שלביות,1,0,0,"3:21 ""חילוק ובדיקה בכפל"""
Q030,validation,grade-explicit,כסף לכיתה ג׳,,3,yes,topic:3:25,,0,0,0,topic:2:11 בעיות מילוליות וכסף | topic:2:24 בעיות מילוליות וכסף פשוט | topic:3:15 היקף מצולעים,0,1,1,topic:3:25 כסף | topic:3:15 היקף מצולעים | topic:3:19 מדידות זמן ומשקל,1,0,0,"3:25 ""כסף"""
Q031,dev,topic-name,חילוק ארוך,,,yes,topic:4:10 topic:5:4,,0,0,0,topic:4:9 כפל רב ספרתי | topic:4:10 חילוק ארוך ושארית,1,0,1,topic:4:10 חילוק ארוך ושארית | topic:5:4 חילוק מאונך ושארית | topic:4:9 כפל רב ספרתי,1,0,0,"4:10 ""חילוק ארוך ושארית""; 5:4 ""חילוק מאונך ושארית"""
Q032,validation,topic-name,מספרים ראשוניים,,,yes,topic:4:15 topic:5:5,,0,0,0,topic:4:15 מספרים ראשוניים ופריקים | topic:5:5 גורמים ראשוניים ופריקים,1,0,0,topic:4:15 מספרים ראשוניים ופריקים | topic:5:5 גורמים ראשוניים ופריקים,1,0,0,"4:15 ""מספרים ראשוניים ופריקים""; 5:5 ""גורמים ראשוניים ופריקים"""
Q033,dev,topic-name,שברים שקולים,,,yes,topic:4:13 topic:4:11 topic:5:9,,0,0,0,topic:4:11 שבר ייצוגים ושמות שקולים | topic:4:13 שברים שקולים ייצוגים השוואה וישר מספרים | topic:5:9 הרחבה וצמצום שברים שקולים,1,0,0,topic:4:11 שבר ייצוגים ושמות שקולים | topic:5:9 הרחבה וצמצום שברים שקולים | topic:4:13 שברים שקולים ייצוגים השוואה וישר מספרים,1,0,0,"4:13 ""שברים שקולים…""; 4:11 ""שבר ייצוגים ושמות שקולים""; 5:9 ""הרחבה וצמצום שברים שקולים"""
Q034,validation,topic-name,שטח והיקף של מלבן,,,yes,topic:4:22 topic:5:25,,0,0,0,topic:4:22 שטח והיקף של מלבן וריבוע | topic:5:25 שטח והיקף של מלבנים וריבועים,1,0,0,topic:4:22 שטח והיקף של מלבן וריבוע | topic:5:25 שטח והיקף של מלבנים וריבועים | topic:7:44 חישובי היקף — צורות מורכבות ואלגברה,1,0,0,"4:22 ""שטח והיקף של מלבן וריבוע""; 5:25 ""שטח והיקף של מלבנים וריבועים"""
Q035,dev,grade-explicit,סדר פעולות חשבון לכיתה ד,,4,yes,topic:4:7,,0,0,0,topic:4:7 סדר פעולות חשבון | topic:7:5 סדר פעולות החשבון במספרים מכוונים,1,1,0,topic:4:7 סדר פעולות חשבון,1,0,0,"4:7 ""סדר פעולות חשבון"""
Q036,validation,topic-name,כפל רב ספרתי,,,yes,topic:4:9 topic:5:3,,0,0,0,topic:4:9 כפל רב ספרתי | topic:5:3 כפל רב ספרתי ובדיקת סבירות,1,0,0,topic:4:9 כפל רב ספרתי | topic:5:3 כפל רב ספרתי ובדיקת סבירות,1,0,0,"4:9 ""כפל רב ספרתי""; 5:3 ""כפל רב ספרתי ובדיקת סבירות"""
Q037,dev,parent-phrasing,תרגילי אתגר לכיתה ד,,4,yes,post:challenge-exercises-grade-4 topic:4:31,,0,0,0,,0,0,0,post:challenge-exercises-grade-4 תרגילי אתגר במתמטיקה לכיתה ד׳ שמקדמים חשיבה,1,0,0,"post ""תרגילי אתגר במתמטיקה לכיתה ד׳""; 4:31 ""דף סיכום אינטגרטיבי"""
Q038,validation,grade-explicit,שברים לכיתה ד,,4,yes,topic:4:11 topic:4:12 topic:4:13 post:fractions-practice-grade-4,,0,0,0,topic:2:26 חצי ורבע | topic:3:11 שברי יחידה וחלק משלם | topic:4:11 שבר ייצוגים ושמות שקולים,1,1,1,topic:4:11 שבר ייצוגים ושמות שקולים | topic:4:12 שברים על ישר והשוואה | topic:4:13 שברים שקולים ייצוגים השוואה וישר מספרים,1,0,0,"grade 4 fraction topics; post ""תרגול שברים לכיתה ד׳"""
Q039,dev,topic-name,מקבילים ומאונכים,,,yes,topic:4:16 topic:5:22,,0,0,0,topic:4:16 מקבילים ומאונכים בצורות | topic:4:27 זוויות וקווים במישור | topic:5:22 היקף יחידות וקווים מקבילים מאונכים,1,0,0,topic:4:16 מקבילים ומאונכים בצורות | topic:5:22 היקף יחידות וקווים מקבילים מאונכים | topic:4:27 זוויות וקווים במישור,1,0,0,"4:16 ""מקבילים ומאונכים בצורות""; 5:22 ""…קווים מקבילים מאונכים"""
Q040,validation,topic-name,סימטריה סיבובית,,,yes,topic:4:26,,0,0,0,topic:4:26 סימטריה שיקופית וסיבובית,1,0,0,topic:4:26 סימטריה שיקופית וסיבובית,1,0,0,"4:26 ""סימטריה שיקופית וסיבובית"""
Q041,dev,grade-explicit,מספרים עשרוניים כיתה ה,,5,yes,topic:5:28 topic:5:29 topic:5:30,,0,0,0,topic:2:2 עשרות ויחידות בתחום 100 | topic:2:3 סדר השוואה וישר מספרים | topic:2:13 מאות עשרות ויחידות,0,1,1,topic:5:29 משווים שברים ומספרים עשרוניים | topic:5:28 מספרים עשרוניים ערך מקום וייצוגים | topic:5:30 חיבור וחיסור מספרים עשרוניים ואומדן,1,0,0,5:28/29/30 decimal topics
Q042,validation,topic-name,מכנה משותף,,,yes,topic:5:10 topic:5:11,,0,0,0,topic:5:10 מכנה משותף בחירה יעילה | topic:6:2 כפל כחלק מכמות ושטח | topic:8:3 מכנים מספריים,1,0,0,topic:5:10 מכנה משותף בחירה יעילה | topic:8:3 מכנים מספריים | topic:9:3 צמצום שברים אלגבריים,1,0,0,"5:10 ""מכנה משותף בחירה יעילה""; 5:11 ""חיבור וחיסור שברים במכנים שונים"""
Q043,dev,topic-name,מספרים מעורבים,,,yes,topic:5:13 topic:5:14 topic:6:4,,0,0,0,topic:5:13 שברים גדולים מ 1 ומספרים מעורבים | topic:5:14 חיבור וחיסור מספרים מעורבים | topic:6:4 כפל מספרים מעורבים,1,0,0,topic:5:14 חיבור וחיסור מספרים מעורבים | topic:6:4 כפל מספרים מעורבים | topic:5:13 שברים גדולים מ 1 ומספרים מעורבים,1,0,0,"5:13/14, 6:4 ""כפל מספרים מעורבים"""
Q044,validation,grade-explicit,שטח משולש כיתה ה,,5,yes,topic:5:31,,0,0,0,topic:5:31 שטח משולש בסיס וגובה | topic:7:19 שטח משולש — העמקה | topic:7:46 שטחים ב׳ חלק 2 — מצולעים מורכבים,1,1,0,topic:5:31 שטח משולש בסיס וגובה,1,0,0,"5:31 ""שטח משולש בסיס וגובה"""
Q045,dev,math-distinction,שטח מקבילית,,,yes,topic:5:27 topic:7:45 topic:9:28 page:/area-parallelogram-trapezoid-composite-grade-7 page:/parallelogram-trapezoid-area-grade-9,topic:7:45 שטחים ב׳ חלק 1 — מקבילית וטרפז | topic:7:44 חישובי היקף — צורות מורכבות ואלגברה,1,0,0,topic:5:27 שטח מקבילית והקשר למלבן | topic:7:45 שטחים ב׳ חלק 1 — מקבילית וטרפז | topic:7:44 חישובי היקף — צורות מורכבות ואלגברה,1,0,0,topic:5:27 שטח מקבילית והקשר למלבן | topic:7:45 שטחים ב׳ חלק 1 — מקבילית וטרפז | topic:9:28 שטחים ב׳ חלק 1 — מקבילית וטרפז — לכיתה ט׳,1,0,0,"5:27 ""שטח מקבילית והקשר למלבן""; 7:45/9:28 ""שטחים ב׳ חלק 1 — מקבילית וטרפז"""
Q046,validation,topic-name,ממוצע,,,yes,topic:5:33 topic:8:23,,0,0,0,topic:5:33 ממוצע וחקר נתונים | topic:8:23 הממוצע | topic:8:24 החציון,1,0,0,topic:8:23 הממוצע | topic:5:33 ממוצע וחקר נתונים | topic:8:24 החציון,1,0,0,"5:33 ""ממוצע וחקר נתונים""; 8:23 ""הממוצע"""
Q047,dev,parent-phrasing,הכנה למבחן כיתה ה,,5,yes,post:exam-prep-grade-5-7-days,,0,0,0,,0,0,0,post:exam-prep-grade-5-7-days הכנה למבחן במתמטיקה לכיתה ה׳ ב-7 ימים,1,0,0,"post ""הכנה למבחן במתמטיקה לכיתה ה׳ ב-7 ימים"""
Q048,validation,topic-name,גובה במשולש,,,yes,topic:5:23 topic:5:24,topic:7:19 שטח משולש — העמקה | topic:7:43 פיתגורס חלק 2 — שימושים | topic:7:47 מנסרה משולשת חלק 1 — מבנה ונפח,0,0,1,topic:5:23 גובה במשולש חד זווית וישר זווית | topic:5:24 גובה במשולש קהה ובמקבילית | topic:5:31 שטח משולש בסיס וגובה,1,0,0,topic:5:24 גובה במשולש קהה ובמקבילית | topic:5:31 שטח משולש בסיס וגובה | topic:5:23 גובה במשולש חד זווית וישר זווית,1,0,0,"5:23 ""גובה במשולש חד זווית וישר זווית""; 5:24 ""גובה במשולש קהה ובמקבילית"""
Q049,dev,topic-name,שיקוף סיבוב והזזה,,,yes,topic:5:35,topic:7:17 מצולעים חופפים וטרנספורמציות,0,0,1,topic:5:35 שיקוף סיבוב והזזה | topic:7:17 מצולעים חופפים וטרנספורמציות | topic:9:23 מצולעים חופפים וטרנספורמציות — לכיתה ט׳,1,0,0,topic:5:35 שיקוף סיבוב והזזה | topic:7:17 מצולעים חופפים וטרנספורמציות | topic:9:23 מצולעים חופפים וטרנספורמציות — לכיתה ט׳,1,0,0,"5:35 ""שיקוף סיבוב והזזה"""
Q050,validation,topic-name,חלק מכמות,,,yes,topic:5:12 topic:6:2 topic:6:19,,0,0,0,topic:5:12 חלק מכמות | topic:6:2 כפל כחלק מכמות ושטח | topic:6:19 אחוז כחלק מכמות,1,0,0,topic:5:12 חלק מכמות | topic:6:19 אחוז כחלק מכמות,1,0,0,"5:12 ""חלק מכמות""; 6:2 ""כפל כחלק מכמות ושטח""; 6:19 ""אחוז כחלק מכמות"""
Q051,dev,topic-name,חילוק שברים,,,yes,topic:6:6 topic:6:7 topic:6:8,topic:7:4 חילוק מספרים מכוונים,0,0,1,topic:6:1 כפל שבר במספר שלם | topic:6:2 כפל כחלק מכמות ושטח | topic:6:3 כפל שבר בשבר,0,0,1,topic:6:6 משמעות חילוק שברים | topic:6:7 אלגוריתם חילוק שברים והופכי | topic:6:8 כפל וחילוק שברים בחירת פעולה,1,0,0,"6:6 ""משמעות חילוק שברים""; 6:7 ""אלגוריתם חילוק שברים והופכי""; 6:8"
Q052,validation,math-distinction,נפח תיבה,,,yes,topic:6:14 topic:7:20,topic:7:20 תיבה וקובייה,1,0,0,topic:6:12 תיבות ופריסות מעבר בין דו ממד לתלת ממד | topic:6:13 שטח פנים של תיבה | topic:6:14 נפח תיבה ומבנים,1,0,1,topic:6:14 נפח תיבה ומבנים | topic:7:20 תיבה וקובייה | topic:6:12 תיבות ופריסות מעבר בין דו ממד לתלת ממד,1,0,0,"6:14 ""נפח תיבה ומבנים""; 7:20 ""תיבה וקובייה"" (volume & surface)"
Q053,dev,math-distinction,שטח פנים של תיבה,,,yes,topic:6:13 topic:7:20,,0,0,0,topic:6:13 שטח פנים של תיבה,1,0,0,topic:6:13 שטח פנים של תיבה | topic:7:20 תיבה וקובייה | topic:7:48 מנסרה משולשת חלק 2 — שטח פנים,1,0,0,"6:13 ""שטח פנים של תיבה""; 7:20 ""תיבה וקובייה""; NOT 6:14 volume"
Q054,validation,grade-explicit,אחוזים כיתה ו,,6,yes,topic:6:18 topic:6:19 topic:6:20 post:when-learn-percentages-grade-6,,0,0,0,topic:6:18 שבר עשרוני ואחוז שלושה ייצוגים לאותו מספר | topic:6:19 אחוז כחלק מכמות | topic:6:20 מציאת השלם ויישומי אחוזים,1,0,0,topic:6:18 שבר עשרוני ואחוז שלושה ייצוגים לאותו מספר | topic:6:19 אחוז כחלק מכמות | topic:6:20 מציאת השלם ויישומי אחוזים,1,0,0,"6:18/19/20 percent topics; post ""מתי לומדים אחוזים … בכיתה ו׳"""
Q055,dev,topic-name,יחס,,,yes,topic:6:21 topic:8:4,topic:7:12 זוויות חלק 2 — יחסים ופעולות | topic:7:13 זוויות — דף חזרה מסכם | topic:7:26 שכיחות יחסית חלק 1 — היכרות,0,0,1,topic:4:18 מלבנים ריבועים ויחסי הכלה | topic:5:18 משפחת המרובעים ויחסי הכלה | topic:6:18 שבר עשרוני ואחוז שלושה ייצוגים לאותו מספר,0,0,1,topic:8:4 יחס ופרופורציה | topic:8:45 יחס שטחים | topic:6:21 יחס משמעות ייצוג ויחסים שקולים,1,0,0,"6:21 ""יחס משמעות ייצוג…""; 8:4 ""יחס ופרופורציה"""
Q056,validation,topic-name,קנה מידה,,,yes,topic:6:22 topic:8:5 topic:7:8,topic:7:8 מערכת צירים — היכרות וקנה מידה,1,0,0,topic:6:18 שבר עשרוני ואחוז שלושה ייצוגים לאותו מספר | topic:6:19 אחוז כחלק מכמות | topic:6:20 מציאת השלם ויישומי אחוזים,0,0,1,topic:8:5 קנה מידה | topic:6:22 קנה מידה במפות ובשרטוטים | topic:7:8 מערכת צירים — היכרות וקנה מידה,1,0,0,"6:22 ""קנה מידה במפות""; 8:5 ""קנה מידה""; 7:8 ""מערכת צירים — היכרות וקנה מידה"""
Q057,dev,topic-name,כפל מספרים עשרוניים,,,yes,topic:6:9,,0,0,0,topic:5:1 תובנה מספרית כפל וחילוק בעשרות ומאות | topic:5:30 חיבור וחיסור מספרים עשרוניים ואומדן | topic:6:9 כפל מספרים עשרוניים,1,0,1,topic:6:9 כפל מספרים עשרוניים | topic:5:30 חיבור וחיסור מספרים עשרוניים ואומדן | post:decimals-practice-grade-6 תרגול מספרים עשרוניים לכיתה ו׳ בבית ובכיתה,1,0,0,"6:9 ""כפל מספרים עשרוניים"""
Q058,validation,grade-explicit,גאומטריה כיתה ו,,6,yes,post:geometry-grade-6-exams topic:6:17 topic:6:11 topic:6:16,,0,0,0,topic:1:15 מודדים ומשווים אורך | topic:1:17 מצולעים | topic:1:18 ריבוע ומלבן,0,1,1,topic:6:17 דף סינתזה מדידות גאומטריה ופתרון רב שלבי | post:geometry-grade-6-exams איך לתרגל גאומטריה לכיתה ו׳ ולהצליח במבחנים | topic:6:16 מרובעים ויחסי הכלה חזרה מנומקת,1,0,0,"post ""איך לתרגל גאומטריה לכיתה ו׳""; 6:17 ""דף סינתזה מדידות גאומטריה""; 6:11 גופים; 6:16 מרובעים"
Q059,dev,spelling-variant,ליטר וסמ״ק,,,yes,topic:6:15,,0,0,0,topic:6:15 קיבול סמק ליטר ומק,1,0,0,topic:6:15 קיבול סמק ליטר ומק,1,0,0,"6:15 ""קיבול סמק ליטר ומק"" (gershayim normalisation)"
Q060,validation,topic-name,קיבול,,,yes,topic:6:15,,0,0,0,topic:6:15 קיבול סמק ליטר ומק,1,0,0,topic:6:15 קיבול סמק ליטר ומק,1,0,0,"6:15 ""קיבול …"""
Q061,dev,topic-name,מספרים מכוונים,,,yes,topic:7:1 topic:7:2 topic:7:3 topic:7:4 topic:7:5 page:/signed-numbers-grade-7 page:/number-line-absolute-value-grade-7 page:/multiplying-signed-numbers-grade-7 page:/dividing-signed-numbers-grade-7 page:/order-of-operations-signed-numbers-grade-7,topic:7:1 מספרים מכוונים — ישר המספרים וערך מוחלט | topic:7:2 חיבור וחיסור מספרים מכוונים | topic:7:3 כפל מספרים מכוונים,1,0,0,topic:7:1 מספרים מכוונים — ישר המספרים וערך מוחלט | topic:7:2 חיבור וחיסור מספרים מכוונים | topic:7:3 כפל מספרים מכוונים,1,0,0,topic:7:1 מספרים מכוונים — ישר המספרים וערך מוחלט | topic:7:2 חיבור וחיסור מספרים מכוונים | topic:7:3 כפל מספרים מכוונים,1,0,0,"7:1–5 ""…מספרים מכוונים"""
Q062,validation,topic-name,ערך מוחלט,,,yes,topic:7:1 page:/number-line-absolute-value-grade-7,topic:7:1 מספרים מכוונים — ישר המספרים וערך מוחלט,1,0,0,topic:7:1 מספרים מכוונים — ישר המספרים וערך מוחלט | topic:9:12 קדם אנליזה — מפונקציות לגרפים ובחזרה,1,0,0,topic:7:1 מספרים מכוונים — ישר המספרים וערך מוחלט | topic:9:12 קדם אנליזה — מפונקציות לגרפים ובחזרה,1,0,0,"7:1 ""מספרים מכוונים — ישר המספרים וערך מוחלט"""
Q063,dev,math-distinction,זוויות צמודות,,,yes,topic:7:12 page:/adjacent-vertical-angles-grade-7 page:/angles-grade-7,topic:7:12 זוויות חלק 2 — יחסים ופעולות | topic:7:13 זוויות — דף חזרה מסכם,1,0,0,topic:7:12 זוויות חלק 2 — יחסים ופעולות | topic:7:13 זוויות — דף חזרה מסכם,1,0,0,topic:7:12 זוויות חלק 2 — יחסים ופעולות | topic:7:13 זוויות — דף חזרה מסכם,1,0,0,"7:12 ""זוויות חלק 2 — יחסים ופעולות"" (search terms צמודות קודקודיות sit on 7:13: SEARCH_TERMS_MISPLACED); pages ""זוויות צמודות וקודקודיות"""
Q064,validation,math-distinction,זוויות קודקודיות,,,yes,topic:7:12 page:/adjacent-vertical-angles-grade-7 page:/angles-grade-7,topic:7:12 זוויות חלק 2 — יחסים ופעולות | topic:7:13 זוויות — דף חזרה מסכם,1,0,0,topic:7:12 זוויות חלק 2 — יחסים ופעולות | topic:7:13 זוויות — דף חזרה מסכם | topic:8:36 חפיפת משולשים,1,0,0,topic:7:12 זוויות חלק 2 — יחסים ופעולות | topic:7:13 זוויות — דף חזרה מסכם | topic:8:62 זוויות בין ישרים מקבילים,1,0,0,same evidence as זוויות צמודות
Q065,dev,math-distinction,שורש ריבועי כיתה ז,,7,yes,topic:7:7 page:/square-root-grade-7,,0,0,0,topic:7:7 שורש ריבועי | topic:8:10 שורש ריבועי | topic:9:6 משוואות ריבועיות ונוסחת השורשים,1,1,0,topic:7:7 שורש ריבועי,1,0,0,"7:7 ""שורש ריבועי""; NOT 7:6 חזקות"
Q066,validation,math-distinction,חזקות לכיתה ז׳,,7,yes,topic:7:6 page:/powers-grade-7,,0,0,0,topic:7:5 סדר פעולות החשבון במספרים מכוונים | topic:7:6 חזקות עם מעריך טבעי | topic:9:16 חוקי חזקות,1,1,1,topic:7:6 חזקות עם מעריך טבעי | topic:7:5 סדר פעולות החשבון במספרים מכוונים,1,0,0,"7:6 ""חזקות עם מעריך טבעי""; NOT 7:7"
Q067,dev,spelling-variant,משוואות דו שלביות,,,yes,topic:7:35 post:two-step-equations-grade-7 page:/equations-basics-grade-7,topic:7:35 משוואות דו־שלביות,1,0,0,topic:7:35 משוואות דו־שלביות,1,0,0,topic:7:35 משוואות דו־שלביות | topic:7:34 משוואות חד־שלביות,1,0,0,"7:35 ""משוואות דו־שלביות"" (maqaf vs space)"
Q068,validation,topic-name,הנעלם בשני האגפים,,,yes,topic:7:39 page:/equations-both-sides-word-problems-grade-7 post:unknown-on-both-sides-grade-7,topic:7:37 משוואות ופתרונן חלק 2 — סוגריים ושקילות | topic:7:39 הנעלם בשני האגפים,1,0,1,topic:7:37 משוואות ופתרונן חלק 2 — סוגריים ושקילות | topic:7:39 הנעלם בשני האגפים,1,0,1,topic:7:39 הנעלם בשני האגפים | topic:7:41 שאלות מילוליות באמצעות משוואות | topic:7:37 משוואות ופתרונן חלק 2 — סוגריים ושקילות,1,0,0,"7:39 ""הנעלם בשני האגפים"""
Q069,dev,grade-explicit,פיתגורס כיתה ז,,7,yes,topic:7:42 topic:7:43 page:/pythagorean-theorem-grade-7 page:/pythagoras-applications-grade-7,,0,0,0,topic:7:42 פיתגורס חלק 1 — היכרות וחישוב | topic:7:43 פיתגורס חלק 2 — שימושים | topic:7:41 שאלות מילוליות באמצעות משוואות,1,0,0,topic:7:42 פיתגורס חלק 1 — היכרות וחישוב | topic:7:43 פיתגורס חלק 2 — שימושים,1,0,0,"7:42/43 ""פיתגורס חלק 1/2"""
Q070,validation,grade-explicit,הסתברות כיתה ז,,7,yes,topic:7:28 post:probability-introduction-grade-7,,0,0,0,topic:7:27 שכיחות יחסית חלק 2 — ניסויים ויציבות | topic:7:28 הסתברות — היכרות | topic:8:16 ארגון נתונים,1,1,1,topic:7:28 הסתברות — היכרות | topic:7:27 שכיחות יחסית חלק 2 — ניסויים ויציבות,1,0,0,"7:28 ""הסתברות — היכרות"""
Q071,dev,topic-name,שכיחות יחסית,,,yes,topic:7:26 topic:7:27 post:relative-frequency-introduction-grade-7 post:relative-frequency-experiments-grade-7,topic:7:26 שכיחות יחסית חלק 1 — היכרות | topic:7:27 שכיחות יחסית חלק 2 — ניסויים ויציבות,1,0,0,topic:7:26 שכיחות יחסית חלק 1 — היכרות | topic:7:27 שכיחות יחסית חלק 2 — ניסויים ויציבות | topic:8:16 ארגון נתונים,1,0,0,topic:7:26 שכיחות יחסית חלק 1 — היכרות | topic:7:27 שכיחות יחסית חלק 2 — ניסויים ויציבות | topic:8:16 ארגון נתונים,1,0,0,"7:26/27 ""שכיחות יחסית חלק 1/2"""
Q072,validation,math-distinction,מנסרה משולשת שטח פנים,,,yes,topic:7:48 topic:9:31 page:/triangular-prism-surface-area-grade-9 post:triangular-prism-surface-area-grade-7,topic:7:47 מנסרה משולשת חלק 1 — מבנה ונפח | topic:7:48 מנסרה משולשת חלק 2 — שטח פנים,1,0,1,topic:7:47 מנסרה משולשת חלק 1 — מבנה ונפח | topic:7:48 מנסרה משולשת חלק 2 — שטח פנים | topic:9:31 מנסרה משולשת חלק 2 — שטח פנים — לכיתה ט׳,1,0,1,topic:7:48 מנסרה משולשת חלק 2 — שטח פנים | topic:9:31 מנסרה משולשת חלק 2 — שטח פנים — לכיתה ט׳,1,0,0,"7:48/9:31 ""מנסרה משולשת חלק 2 — שטח פנים""; NOT volume"
Q073,dev,math-distinction,מנסרה נפח,,,yes,topic:7:47 topic:9:30 page:/triangular-prism-volume-grade-9 post:triangular-prism-volume-grade-7,topic:7:46 שטחים ב׳ חלק 2 — מצולעים מורכבים | topic:7:47 מנסרה משולשת חלק 1 — מבנה ונפח,1,0,1,topic:6:11 חקר גופים ותכונותיהם | topic:7:46 שטחים ב׳ חלק 2 — מצולעים מורכבים | topic:7:47 מנסרה משולשת חלק 1 — מבנה ונפח,1,0,1,topic:7:47 מנסרה משולשת חלק 1 — מבנה ונפח | topic:9:30 מנסרה משולשת חלק 1 — מבנה ונפח — לכיתה ט׳ | topic:7:48 מנסרה משולשת חלק 2 — שטח פנים,1,0,0,"7:47/9:30 ""מנסרה משולשת חלק 1 — מבנה ונפח"""
Q074,validation,math-distinction,היקף צורות מורכבות,,,yes,topic:7:44 topic:4:23 post:perimeter-complex-shapes-algebra-grade-7,topic:7:44 חישובי היקף — צורות מורכבות ואלגברה,1,0,0,topic:4:23 שטח והיקף של צורות מורכבות | topic:5:26 שטח צורה מורכבת פירוק והרכבה | topic:7:44 חישובי היקף — צורות מורכבות ואלגברה,1,0,0,topic:4:23 שטח והיקף של צורות מורכבות | topic:7:44 חישובי היקף — צורות מורכבות ואלגברה | topic:5:26 שטח צורה מורכבת פירוק והרכבה,1,0,0,"7:44 ""חישובי היקף — צורות מורכבות""; 4:23 ""שטח והיקף של צורות מורכבות""; NOT 7:46 (area only)"
Q075,dev,grade-explicit,שטח משולש לכיתה ז,,7,yes,topic:7:19 page:/triangle-area-grade-7,,0,0,0,topic:5:31 שטח משולש בסיס וגובה | topic:7:19 שטח משולש — העמקה | topic:7:46 שטחים ב׳ חלק 2 — מצולעים מורכבים,1,1,1,topic:7:19 שטח משולש — העמקה,1,0,0,"7:19 ""שטח משולש — העמקה"""
Q076,validation,topic-name,ביטויים אלגבריים,,,yes,topic:7:22 topic:7:23 page:/algebraic-expressions-grade-7 post:variables-and-algebraic-modeling-grade-7 post:substitution-in-algebraic-expressions-grade-7,topic:7:22 משתנים וביטויים אלגבריים — שפה ומידול | topic:7:23 הצבה בביטויים אלגבריים,1,0,0,topic:7:22 משתנים וביטויים אלגבריים — שפה ומידול | topic:7:23 הצבה בביטויים אלגבריים | topic:8:1 אבחון קדם־ידע,1,0,0,topic:7:23 הצבה בביטויים אלגבריים | topic:7:22 משתנים וביטויים אלגבריים — שפה ומידול | topic:7:30 שוויון ביטויים חלק 2 — גורם משותף ומינוס לפני סוגריים,1,0,0,"7:22 ""משתנים וביטויים אלגבריים""; 7:23 ""הצבה בביטויים אלגבריים"""
Q077,dev,topic-name,כינוס איברים,,,yes,topic:7:29 page:/combining-like-terms-grade-7,topic:7:29 שוויון ביטויים חלק 1 — כינוס ופילוג | topic:7:36 מפשטים ואז פותרים,1,0,0,topic:7:29 שוויון ביטויים חלק 1 — כינוס ופילוג | topic:7:36 מפשטים ואז פותרים | topic:8:2 משוואות ליניאריות,1,0,0,topic:7:29 שוויון ביטויים חלק 1 — כינוס ופילוג | topic:7:36 מפשטים ואז פותרים | topic:8:2 משוואות ליניאריות,1,0,0,"7:29 ""שוויון ביטויים חלק 1 — כינוס ופילוג"""
Q078,validation,grade-explicit,מערכת צירים כיתה ז,,7,yes,topic:7:8 topic:7:9 topic:7:10 page:/coordinate-plane-scale-grade-7 page:/coordinate-plane-four-quadrants-grade-7 page:/coordinate-plane-quadrants-grade-7 page:/coordinate-plane-applications-grade-7,,0,0,0,topic:7:8 מערכת צירים — היכרות וקנה מידה | topic:7:1 מספרים מכוונים — ישר המספרים וערך מוחלט | topic:7:9 הרחבת מערכת הצירים חלק 1,1,0,0,topic:7:8 מערכת צירים — היכרות וקנה מידה | topic:7:9 הרחבת מערכת הצירים חלק 1 | topic:7:10 הרחבת מערכת הצירים חלק 2 — יישום והעמקה,1,0,0,7:8/9/10 coordinate-plane topics
Q079,dev,topic-name,רביע ראשון,,,yes,topic:7:31 post:first-quadrant-graph-points-grade-7,topic:7:31 נקודות על גרף ברביע הראשון,1,0,0,topic:7:31 נקודות על גרף ברביע הראשון,1,0,0,topic:7:31 נקודות על גרף ברביע הראשון,1,0,0,"7:31 ""נקודות על גרף ברביע הראשון"""
Q080,validation,grade-explicit,חזרה שנתית כיתה ז,,7,yes,topic:7:49 post:annual-review-grade-7,,0,0,0,topic:7:49 חזרה שנתית,1,0,0,topic:7:49 חזרה שנתית,1,0,0,"7:49 ""חזרה שנתית"""
Q081,dev,topic-name,משוואות ליניאריות,,,yes,topic:8:2 page:/linear-equations-grade-8,,0,0,0,topic:8:2 משוואות ליניאריות | topic:9:8 אי־שוויונות ריבועיים ומערכות משוואות,1,0,0,topic:8:2 משוואות ליניאריות | topic:9:8 אי־שוויונות ריבועיים ומערכות משוואות,1,0,0,"8:2 ""משוואות ליניאריות"""
Q082,validation,grade-explicit,אחוזים כיתה ח,,8,yes,topic:8:6 topic:8:7 topic:8:8 topic:8:9 page:/percentage-problems-grade-8,,0,0,0,topic:6:18 שבר עשרוני ואחוז שלושה ייצוגים לאותו מספר | topic:6:19 אחוז כחלק מכמות | topic:6:20 מציאת השלם ויישומי אחוזים,0,1,1,topic:8:6 אחוזים — ייצוגים | topic:8:7 בעיות אחוזים | topic:8:8 שינוי באחוזים,1,0,0,8:6–9 percent topics
Q083,dev,math-distinction,גליל נפח,,,yes,topic:8:14 page:/cylinder-volume-grade-8,,0,0,0,topic:6:11 חקר גופים ותכונותיהם | topic:8:14 גליל — נפח | topic:8:15 חרוט,1,0,1,topic:8:14 גליל — נפח | topic:6:11 חקר גופים ותכונותיהם | topic:8:15 חרוט,1,0,0,"8:14 ""גליל — נפח""; NOT 8:13"
Q084,validation,math-distinction,שטח פנים גליל,,,yes,topic:8:13 page:/cylinder-surface-area-grade-8,,0,0,0,topic:6:11 חקר גופים ותכונותיהם | topic:8:13 גליל — שטח פנים | topic:8:15 חרוט,1,0,1,topic:8:13 גליל — שטח פנים | topic:6:11 חקר גופים ותכונותיהם | topic:8:15 חרוט,1,0,0,"8:13 ""גליל — שטח פנים""; NOT 8:14"
Q085,dev,topic-name,חרוט,,,yes,topic:8:15 page:/cone-grade-8,,0,0,0,topic:8:15 חרוט,1,0,0,topic:8:15 חרוט,1,0,0,"8:15 ""חרוט"""
Q086,validation,topic-name,חפיפת משולשים,,,yes,topic:8:36 topic:8:37 topic:8:65 page:/triangle-congruence-grade-8 page:/triangle-congruence-proofs-grade-8 page:/congruence-theorems-grade-8,,0,0,0,topic:8:36 חפיפת משולשים | topic:8:65 הוכחות בחפיפת משולשים,1,0,0,topic:8:36 חפיפת משולשים | topic:8:65 הוכחות בחפיפת משולשים,1,0,0,"8:36 ""חפיפת משולשים""; 8:37 ""משפטי חפיפה""; 8:65 ""הוכחות בחפיפת משולשים"""
Q087,dev,grade-explicit,דמיון משולשים כיתה ח,,8,yes,topic:8:43 topic:8:44 topic:8:45 page:/similar-triangles-grade-8 page:/triangle-similarity-proof-grade-8 page:/similar-triangles-area-ratio-grade-8,,0,0,0,topic:8:43 דמיון משולשים | topic:9:40 דמיון משולשים — משפט ז.ז וחישובים | topic:9:19 דמיון משולשים,1,1,0,topic:8:43 דמיון משולשים | topic:8:44 הוכחת דמיון | topic:8:45 יחס שטחים,1,0,0,8:43/44/45 similarity topics
Q088,validation,grade-explicit,פונקציה קווית לכיתה ח,,8,yes,topic:8:29 page:/linear-function-grade-8,,0,0,0,topic:8:29 פונקציה קווית,1,0,0,topic:8:29 פונקציה קווית,1,0,0,"8:29 ""פונקציה קווית""; NOT 9:34"
Q089,dev,topic-name,מערכות משוואות,,,yes,topic:8:47 topic:8:48 topic:8:49 topic:9:8 page:/systems-of-equations-grade-8 page:/quadratic-inequalities-systems-grade-9,topic:7:1 מספרים מכוונים — ישר המספרים וערך מוחלט | topic:7:23 הצבה בביטויים אלגבריים,0,0,1,topic:2:3 סדר השוואה וישר מספרים | topic:7:1 מספרים מכוונים — ישר המספרים וערך מוחלט | topic:7:23 הצבה בביטויים אלגבריים,0,0,1,topic:8:47 מערכות — חיתוך גרפי | topic:9:8 אי־שוויונות ריבועיים ומערכות משוואות | topic:8:49 מערכות — מידול,1,0,0,"8:47/48/49 ""מערכות — …""; 9:8 ""…ומערכות משוואות"""
Q090,validation,topic-name,חציון,,,yes,topic:8:24,,0,0,0,topic:2:26 חצי ורבע | topic:8:24 החציון | topic:8:25 בחירת מדד,1,0,1,topic:8:24 החציון | topic:8:25 בחירת מדד | topic:9:9 סטטיסטיקה,1,0,0,"8:24 ""החציון"""
Q091,dev,topic-name,דיאגרמת עוגה,,,yes,topic:8:18,,0,0,0,topic:8:18 דיאגרמת עוגה,1,0,0,topic:8:18 דיאגרמת עוגה,1,0,0,"8:18 ""דיאגרמת עוגה"""
Q092,validation,topic-name,מעגל ועיגול היקף ושטח,,,yes,topic:8:63 page:/circle-area-circumference-grade-8,,0,0,0,topic:8:63 מעגל ועיגול — היקף ושטח,1,0,0,topic:8:63 מעגל ועיגול — היקף ושטח,1,0,0,"8:63 ""מעגל ועיגול — היקף ושטח"""
Q093,dev,topic-name,זווית חיצונית,,,yes,topic:8:39 page:/exterior-angle-triangle-grade-8,topic:7:14 סכום הזוויות במשולש ובמרובע,0,0,1,topic:7:14 סכום הזוויות במשולש ובמרובע | topic:8:39 זווית חיצונית,1,0,1,topic:8:39 זווית חיצונית | topic:7:14 סכום הזוויות במשולש ובמרובע,1,0,0,"8:39 ""זווית חיצונית"""
Q094,validation,spelling-variant,אי שוויון כיתה ח,,8,yes,topic:8:52 topic:8:53 page:/inequalities-grade-8,,0,0,0,topic:1:13 שרשראות ופירמידות מספרים | topic:7:29 שוויון ביטויים חלק 1 — כינוס ופילוג | topic:9:8 אי־שוויונות ריבועיים ומערכות משוואות,0,1,1,topic:8:52 אי־שוויון | topic:8:53 אי־שוויון גרפי,1,0,0,"8:52 ""אי־שוויון""; 8:53 ""אי־שוויון גרפי"" (maqaf vs space)"
Q095,dev,topic-name,שיפוע,,,yes,topic:8:28,,0,0,0,topic:8:28 שיפוע וישר y=mx | topic:8:31 משוואת ישר | topic:8:1 אבחון קדם־ידע,1,0,0,topic:8:28 שיפוע וישר y=mx | topic:9:15 גיאומטריה אנליטית | topic:8:31 משוואת ישר,1,0,0,"8:28 ""שיפוע וישר y=mx"""
Q096,validation,topic-name,פירוק לגורמים,,,yes,topic:9:2 topic:9:41 topic:9:42 topic:9:43 page:/factoring-grade-9,,0,0,0,topic:4:15 מספרים ראשוניים ופריקים | topic:9:45 הפרש ריבועים | topic:9:2 פירוק לגורמים,1,0,1,topic:9:2 פירוק לגורמים | topic:4:15 מספרים ראשוניים ופריקים | topic:9:45 הפרש ריבועים,1,0,0,"9:2 ""פירוק לגורמים"" (+ subtopics 41–43)"
Q097,dev,topic-name,הפרש ריבועים,,,yes,topic:9:45 page:/difference-of-squares-grade-9,,0,0,0,topic:9:44 דו איבר בריבוע | topic:9:45 הפרש ריבועים | topic:9:2 פירוק לגורמים,1,0,1,topic:9:45 הפרש ריבועים | topic:9:44 דו איבר בריבוע | topic:9:3 צמצום שברים אלגבריים,1,0,0,"9:45 ""הפרש ריבועים"""
Q098,validation,math-distinction,נוסחת השורשים,,,yes,topic:9:6 page:/quadratic-equations-grade-9,,0,0,0,topic:9:6 משוואות ריבועיות ונוסחת השורשים,1,0,0,topic:9:6 משוואות ריבועיות ונוסחת השורשים,1,0,0,"9:6 ""משוואות ריבועיות ונוסחת השורשים""; NOT 9:17 שורשים"
Q099,dev,topic-name,פונקציה ריבועית,,,yes,topic:9:5 page:/quadratic-function-grade-9,,0,0,0,topic:9:5 הפונקציה הריבועית,1,0,0,topic:9:5 הפונקציה הריבועית | topic:9:8 אי־שוויונות ריבועיים ומערכות משוואות,1,0,0,"9:5 ""הפונקציה הריבועית"""
Q100,validation,math-distinction,חוקי חזקות,,,yes,topic:9:16 page:/exponent-rules-grade-9,topic:7:6 חזקות עם מעריך טבעי,0,0,1,topic:7:6 חזקות עם מעריך טבעי | topic:9:16 חוקי חזקות,1,0,1,topic:9:16 חוקי חזקות | topic:7:6 חזקות עם מעריך טבעי | post:powers-roots-middle-guide מדריך לחזקות ושורשים בחטיבה לתרגול בטוח.,1,0,0,"9:16 ""חוקי חזקות""; NOT 9:17"
Q101,dev,math-distinction,שורשים כיתה ט,,9,yes,topic:9:17 page:/square-roots-grade-9,,0,0,0,topic:7:7 שורש ריבועי | topic:7:16 משולש שווה־צלעות — העמקה ורשות | topic:8:10 שורש ריבועי,0,1,1,topic:9:17 שורשים | topic:9:6 משוואות ריבועיות ונוסחת השורשים | topic:9:35 משפט פיתגורס,1,0,0,"9:17 ""שורשים""; NOT 9:16"
Q102,validation,spelling-variant,משולש 30 60 90,,,yes,topic:9:37 page:/triangle-30-60-90-grade-9,,0,0,0,topic:9:37 משולש ישר זווית 30-60-90,1,0,0,topic:9:37 משולש ישר זווית 30-60-90,1,0,0,"9:37 ""משולש ישר זווית 30-60-90"" (hyphen vs space)"
Q103,dev,grade-explicit,טרפז כיתה ט,,9,yes,topic:9:39 topic:9:28 page:/trapezoid-grade-9 page:/parallelogram-trapezoid-area-grade-9,,0,0,0,topic:3:17 מרובעים לפי תכונות | topic:4:29 מרובעים תכונות מיון והכלה | topic:5:18 משפחת המרובעים ויחסי הכלה,0,1,1,topic:9:39 הטרפז | topic:9:28 שטחים ב׳ חלק 1 — מקבילית וטרפז — לכיתה ט׳ | topic:9:25 פיתגורס חלק 2 — שימושים — לכיתה ט׳,1,0,0,"9:39 ""הטרפז""; 9:28 ""…מקבילית וטרפז"""
Q104,validation,topic-name,מעוין,,,yes,topic:9:13 page:/rhombus-grade-9,,0,0,0,topic:3:17 מרובעים לפי תכונות | topic:4:29 מרובעים תכונות מיון והכלה | topic:5:18 משפחת המרובעים ויחסי הכלה,0,0,1,topic:9:13 המעוין | topic:3:17 מרובעים לפי תכונות | topic:4:29 מרובעים תכונות מיון והכלה,1,0,0,"9:13 ""המעוין"""
Q105,dev,grade-explicit,הסתברות לכיתה ט,,9,yes,topic:9:10 page:/probability-grade-9,,0,0,0,topic:7:27 שכיחות יחסית חלק 2 — ניסויים ויציבות | topic:7:28 הסתברות — היכרות | topic:8:16 ארגון נתונים,0,1,1,topic:9:10 הסתברות | topic:9:9 סטטיסטיקה | topic:9:18 בעיות מילוליות,1,0,0,"9:10 ""הסתברות"""
Q106,validation,synonym,מעבר לתיכון,,,yes,topic:9:20 page:/transition-to-high-school-grade-9,,0,0,0,,0,0,0,topic:9:20 מעבר לחטיבה העליונה,1,0,0,"9:20 ""מעבר לחטיבה העליונה"" (תיכון = חטיבה עליונה)"
Q107,dev,topic-name,דו איבר בריבוע,,,yes,topic:9:44 page:/binomial-square-grade-9,,0,0,0,topic:9:44 דו איבר בריבוע,1,0,0,topic:9:44 דו איבר בריבוע,1,0,0,"9:44 ""דו איבר בריבוע"""
Q108,validation,typo,פיטגורס,,,yes,topic:7:42 topic:7:43 topic:8:11 topic:8:12 topic:8:54 topic:9:24 topic:9:25 topic:9:35,,0,0,0,,0,0,0,topic:8:11 פיתגורס | topic:8:12 פיתגורס מורכב | topic:8:54 פיתגורס במרחב,1,0,0,typo of פיתגורס
Q109,dev,typo,משואות,,,yes,topic:7:32 topic:7:33 topic:7:34 topic:7:35 topic:7:36 topic:7:37 topic:7:39 topic:7:40 topic:7:41 topic:8:2 topic:8:47 topic:8:48 topic:8:49 topic:9:6 topic:9:8,,0,0,0,,0,0,0,topic:8:2 משוואות ליניאריות | topic:8:31 משוואת ישר | topic:5:32 נעלמים ומשוואות בשברים,1,0,0,typo of משוואות; any equations topic
Q110,validation,synonym,שברים עשרוניים,,,yes,topic:5:28 topic:5:29 topic:5:30 topic:6:9 topic:6:10 topic:6:18 post:decimals-practice-grade-6,topic:7:26 שכיחות יחסית חלק 1 — היכרות,0,0,1,topic:5:28 מספרים עשרוניים ערך מקום וייצוגים | topic:5:29 משווים שברים ומספרים עשרוניים | topic:6:9 כפל מספרים עשרוניים,1,0,0,topic:5:29 משווים שברים ומספרים עשרוניים | topic:6:9 כפל מספרים עשרוניים | topic:6:10 חילוק מספרים עשרוניים,1,0,0,"synonym of מספרים עשרוניים; 6:18 ""שבר עשרוני ואחוז"""
Q111,dev,spelling-variant,גיאומטריה אנליטית,,,yes,topic:9:15 page:/analytic-geometry-grade-9,,0,0,0,topic:9:15 גיאומטריה אנליטית,1,0,0,topic:9:15 גיאומטריה אנליטית,1,0,0,"9:15 ""גיאומטריה אנליטית""; page ""גאומטריה אנליטית"""
Q112,validation,math-distinction,שטח הטרפז,,,yes,topic:7:45 topic:9:28 topic:9:39 page:/area-parallelogram-trapezoid-composite-grade-7 page:/parallelogram-trapezoid-area-grade-9 page:/trapezoid-grade-9,topic:7:45 שטחים ב׳ חלק 1 — מקבילית וטרפז | topic:7:44 חישובי היקף — צורות מורכבות ואלגברה,1,0,0,topic:7:45 שטחים ב׳ חלק 1 — מקבילית וטרפז | topic:7:44 חישובי היקף — צורות מורכבות ואלגברה | topic:9:28 שטחים ב׳ חלק 1 — מקבילית וטרפז — לכיתה ט׳,1,0,0,topic:7:45 שטחים ב׳ חלק 1 — מקבילית וטרפז | topic:9:28 שטחים ב׳ חלק 1 — מקבילית וטרפז — לכיתה ט׳ | topic:7:46 שטחים ב׳ חלק 2 — מצולעים מורכבים,1,0,0,"7:45/9:28 ""…מקבילית וטרפז""; 9:39 ""הטרפז"" page shows trapezoid area"
Q113,dev,synonym,לוח הכפל,,,yes,post:multiplication-table-worksheets topic:3:9 topic:2:19 topic:2:16,,0,0,0,topic:2:16 כפל קבוצות שוות ומערכים,1,0,0,post:multiplication-table-worksheets דפי עבודה ללוח הכפל לתרגול נכון בבית | topic:2:16 כפל קבוצות שוות ומערכים,1,0,0,"post ""דפי עבודה ללוח הכפל""; 3:9 ""כפל עובדות ומבנים""; 2:19 ""משפחת כפל וחילוק""; 2:16"
Q114,validation,parent-phrasing,הילד שלי מתקשה בשברים כיתה ה,,5,yes,topic:5:7 topic:5:8 topic:5:9 topic:5:10 topic:5:11 topic:5:12 topic:5:13 topic:5:14 topic:5:15 topic:5:32,,0,0,0,,0,0,0,topic:5:7 חזרה על משמעות השבר וייצוגיו | topic:5:8 שברים על ישר והשוואה | topic:5:9 הרחבה וצמצום שברים שקולים,1,0,0,"grade 5 fraction topics 5:7–15, 5:32"
Q115,dev,parent-phrasing,תרגול לפני מבחן בגאומטריה כיתה ו,,6,yes,post:geometry-grade-6-exams topic:6:17,,0,0,0,,0,0,0,post:geometry-grade-6-exams איך לתרגל גאומטריה לכיתה ו׳ ולהצליח במבחנים | topic:6:17 דף סינתזה מדידות גאומטריה ופתרון רב שלבי | topic:6:16 מרובעים ויחסי הכלה חזרה מנומקת,1,0,0,"post ""איך לתרגל גאומטריה לכיתה ו׳ ולהצליח במבחנים"""
Q116,validation,parent-phrasing,איך פותרים משוואה,,,yes,topic:7:32 topic:7:33 topic:7:34 topic:7:35 page:/equations-basics-grade-7 post:what-is-an-equation-solution-grade-7 post:equations-grade-8-practice post:one-step-equations-grade-7 post:two-step-equations-grade-7,,0,0,0,,0,0,0,topic:8:2 משוואות ליניאריות | topic:8:31 משוואת ישר | topic:7:34 משוואות חד־שלביות,1,0,1,"7:32 ""מהו פתרון של משוואה""; 7:33 ""משוואות ופתרונן חלק 1 — מבוא""; posts on solving equations"
Q117,dev,topic-name,נקודות על גרף,,,yes,topic:7:31 post:first-quadrant-graph-points-grade-7,topic:7:31 נקודות על גרף ברביע הראשון,1,0,0,topic:7:31 נקודות על גרף ברביע הראשון,1,0,0,topic:7:31 נקודות על גרף ברביע הראשון | topic:9:36 קריאת גרפים | post:functions-grade-9-graphs פונקציות לכיתה ט׳ - להבין גרפים ולפתור נכון,1,0,0,"7:31 ""נקודות על גרף ברביע הראשון"""
Q118,validation,topic-name,y=mx,,,yes,topic:8:28,,0,0,0,,0,0,0,topic:8:28 שיפוע וישר y=mx | topic:8:29 פונקציה קווית,1,0,0,"8:28 ""שיפוע וישר y=mx"""
Q119,dev,grade-explicit,כיתה ט׳ סטטיסטיקה,,9,yes,topic:9:9 page:/statistics-grade-9,,0,0,0,topic:8:16 ארגון נתונים | topic:8:17 עמודות ופיקטוגרמות | topic:8:18 דיאגרמת עוגה,0,1,1,topic:9:9 סטטיסטיקה | topic:9:10 הסתברות | topic:9:18 בעיות מילוליות,1,0,0,"9:9 ""סטטיסטיקה"""
Q120,validation,topic-name,אחוזים,,,yes,topic:6:18 topic:6:19 topic:6:20 topic:8:6 topic:8:7 topic:8:8 topic:8:9 page:/percentage-problems-grade-8 post:percentages-exercises-grade-7 post:when-learn-percentages-grade-6,,0,0,0,topic:6:18 שבר עשרוני ואחוז שלושה ייצוגים לאותו מספר | topic:6:19 אחוז כחלק מכמות | topic:6:20 מציאת השלם ויישומי אחוזים,1,0,0,topic:8:6 אחוזים — ייצוגים | topic:8:7 בעיות אחוזים | topic:8:8 שינוי באחוזים,1,0,0,percent topics in grades 6 and 8; posts on percentages
Q121,dev,context-grade,שברים,5,5,yes,topic:5:7 topic:5:8 topic:5:9 topic:5:10 topic:5:11 topic:5:12 topic:5:13 topic:5:14 topic:5:15 topic:5:29 topic:5:32,topic:5:7 חזרה על משמעות השבר וייצוגיו | topic:5:8 שברים על ישר והשוואה | topic:5:9 הרחבה וצמצום שברים שקולים,1,0,0,topic:2:26 חצי ורבע | topic:3:11 שברי יחידה וחלק משלם | topic:4:11 שבר ייצוגים ושמות שקולים,0,1,1,topic:5:7 חזרה על משמעות השבר וייצוגיו | topic:5:8 שברים על ישר והשוואה | topic:5:9 הרחבה וצמצום שברים שקולים,1,0,0,grade 5 selected: fraction topics only
Q122,validation,context-grade,פיתגורס,8,8,yes,topic:8:11 topic:8:12 topic:8:54 page:/pythagorean-theorem-grade-8 page:/advanced-pythagoras-grade-8 page:/pythagoras-in-space-grade-8,topic:8:10 שורש ריבועי | topic:8:11 פיתגורס | topic:8:12 פיתגורס מורכב,1,0,1,topic:7:42 פיתגורס חלק 1 — היכרות וחישוב | topic:7:43 פיתגורס חלק 2 — שימושים | topic:7:41 שאלות מילוליות באמצעות משוואות,0,1,1,topic:8:11 פיתגורס | topic:8:12 פיתגורס מורכב | topic:8:54 פיתגורס במרחב,1,0,0,"grade 8 selected: 8:11 ""פיתגורס"", 8:12, 8:54"
Q123,dev,context-grade,שעון,2,2,yes,topic:2:25,topic:2:25 שעון ומשך זמן,1,0,0,topic:1:20 שעה שלמה | topic:2:25 שעון ומשך זמן | topic:3:19 מדידות זמן ומשקל,1,1,1,topic:2:25 שעון ומשך זמן,1,0,0,"grade 2 selected: 2:25 ""שעון ומשך זמן"""
Q124,validation,context-grade,שטח משולש,9,9,yes,topic:9:27 page:/triangle-area-grade-9,topic:9:7 המקבילית | topic:9:11 המלבן | topic:9:13 המעוין,0,0,1,topic:5:31 שטח משולש בסיס וגובה | topic:7:19 שטח משולש — העמקה | topic:7:46 שטחים ב׳ חלק 2 — מצולעים מורכבים,0,1,1,topic:9:27 שטח משולש — העמקה — לכיתה ט׳ | topic:9:33 גיאומטריה חישובית — משולש | topic:9:19 דמיון משולשים,1,0,0,"grade 9 selected: 9:27 ""שטח משולש — העמקה — לכיתה ט׳"""
Q125,dev,grade-explicit,חזקות כיתה ט,7,9,yes,topic:9:16 page:/exponent-rules-grade-9,,0,0,0,topic:7:5 סדר פעולות החשבון במספרים מכוונים | topic:7:6 חזקות עם מעריך טבעי | topic:9:16 חוקי חזקות,1,1,1,topic:9:16 חוקי חזקות,1,0,0,explicit grade 9 overrides the selected grade 7
Q126,validation,no-answer,טריגונומטריה,,,no,,,0,0,0,,0,0,0,,0,0,0,"no trigonometry in catalog, pages or posts"
Q127,dev,no-answer,נגזרת,,,no,,,0,0,0,,0,0,0,,0,0,0,no derivatives
Q128,validation,no-answer,מטריצות,,,no,,,0,0,0,topic:2:23 מדידת אורך | topic:3:22 מדידות אורך סמ ומטר | topic:4:21 יחידות אורך והמרות,0,0,1,,0,0,0,no matrices
Q129,dev,no-answer,מספרים מרוכבים,,,no,,,0,0,0,,0,0,0,,0,0,0,no complex numbers
Q130,validation,no-answer,דפי עבודה באנגלית,,,no,,,0,0,0,,0,0,0,,0,0,0,site has no English worksheets
Q131,dev,no-answer,לוגריתמים,,,no,,,0,0,0,topic:8:38 הוכחה גאומטרית,0,0,1,,0,0,0,no logarithms
Q132,validation,no-answer,שטח כדור,,,no,,,0,0,0,,0,0,0,,0,0,0,no sphere topic (only כדורגל in a post body)
Q133,dev,no-answer,משוואות כיתה ג,,3,no,,,0,0,0,topic:1:3 סדר שכנים והשוואה | topic:1:10 שוויון נעלם והשוואת תרגילים | topic:1:13 שרשראות ופירמידות מספרים,0,1,1,,0,0,0,grade 3 has no equations topic: expect no grade-3 result and an offer to search other grades
