postId,decodedSlug,canonicalUrl,sourcePath,title,grade,audienceExplicit,categories,contentKind,chars,formulaLines,sourceHash,inArchiveSnapshot,audioOnMain,readStatus,videoStatus,mainIdea
"addition-subtraction-grade-1","תרגילי-חיבור-וחיסור-לכיתה-א-לתרגול-נכון-בבית","https://www.noamdoronmath.co.il/post/תרגילי-חיבור-וחיסור-לכיתה-א-לתרגול-נכון-בבית","headless/astro-poc/src/data/blog-posts/addition-subtraction-grade-1.json","תרגילי חיבור וחיסור לכיתה א׳ לתרגול נכון בבית","א׳","","יסודי|חטיבת הביניים|מורים והורים","article","6550","4","b87bde0ae3aaeb598867cefd8d9be142e4599f4b9fccd3373e9c61d12d2c718d","true","true","not-read","not-started",""
"ai-tutor-agent-free","סוכן-ai-לתרגילים-כמו-מורה-פרטי-והכול-בחינם","https://www.noamdoronmath.co.il/post/סוכן-ai-לתרגילים-כמו-מורה-פרטי-והכול-בחינם","headless/astro-poc/src/data/blog-posts/ai-tutor-agent-free.json","סוכן AI לתרגילים כמו מורה פרטי, והכול בחינם","","","יסודי|חטיבת הביניים|מורים והורים","article","6158","0","58fdb4e6909b0b00375f7a45c62ecd79ea7436fd515ee1164f9f2ba270c0961a","false","true","not-read","not-started",""
"annual-review-grade-7","annual-review-grade-7","https://www.noamdoronmath.co.il/post/annual-review-grade-7","headless/astro-poc/src/data/blog-posts/annual-review-grade-7.json","חזרה שנתית לכיתה ז׳ | דפי עבודה חינם","ז׳","","יסודי|חטיבת הביניים|מורים והורים","worksheet-landing","1363","0","0bdb0718fcad84baed8c600bead199bce15cd8c5294555f0bd8f0d85993e5cbb","false","true","not-read","not-started",""
"assessment-1-grade-7","assessment-1-grade-7","https://www.noamdoronmath.co.il/post/assessment-1-grade-7","headless/astro-poc/src/data/blog-posts/assessment-1-grade-7.json","משימת הערכה 1 לכיתה ז׳ | דפי עבודה חינם","ז׳","","יסודי|חטיבת הביניים|מורים והורים","worksheet-landing","1349","0","cb114acea9ea2e9b4eb2f5b2f29338995d7ab85c3701e97c3f6a0daa983ccdd9","false","true","not-read","not-started",""
"box-and-cube-grade-7","box-and-cube-grade-7","https://www.noamdoronmath.co.il/post/box-and-cube-grade-7","headless/astro-poc/src/data/blog-posts/box-and-cube-grade-7.json","תיבה וקובייה לכיתה ז׳ | דפי עבודה חינם","ז׳","","יסודי|חטיבת הביניים|מורים והורים","worksheet-landing","1263","0","791f1585b173af9e6e01cf5c8e583a177880ce189bfb2abd9b399606c99b0cff","true","true","not-read","not-started",""
"challenge-exercises-grade-4","תרגילי-אתגר-במתמטיקה-לכיתה-ד-שמקדמים-חשיבה","https://www.noamdoronmath.co.il/post/תרגילי-אתגר-במתמטיקה-לכיתה-ד-שמקדמים-חשיבה","headless/astro-poc/src/data/blog-posts/challenge-exercises-grade-4.json","תרגילי אתגר במתמטיקה לכיתה ד׳ שמקדמים חשיבה","ד׳","","יסודי|חטיבת הביניים|מורים והורים","article","6255","0","908cccd2a0e154645c6244baf9f6bc9251b0c262dd91cb4118d94a42fa7e3146","true","true","not-read","not-started",""
"common-factor-and-minus-parentheses-grade-7","common-factor-and-minus-parentheses-grade-7","https://www.noamdoronmath.co.il/post/common-factor-and-minus-parentheses-grade-7","headless/astro-poc/src/data/blog-posts/common-factor-and-minus-parentheses-grade-7.json","גורם משותף ומינוס לפני סוגריים לכיתה ז׳ | דפי עבודה","ז׳","","יסודי|חטיבת הביניים|מורים והורים","worksheet-landing","1309","0","84e1da5db3a9e7f794bb18754e10818b53d7474ecb2675ea4429ea73be5426cd","true","true","not-read","not-started",""
"composite-polygons-area-grade-7","composite-polygons-area-grade-7","https://www.noamdoronmath.co.il/post/composite-polygons-area-grade-7","headless/astro-poc/src/data/blog-posts/composite-polygons-area-grade-7.json","שטחים ב׳ חלק 2 — מצולעים מורכבים לכיתה ז׳ | דפי עבודה חינם","ז׳","","יסודי|חטיבת הביניים|מורים והורים","worksheet-landing","1284","0","a37afb30b58014ccaf5ffac6138263d065e283d443fb61ea1e4175523301b3e8","true","true","not-read","not-started",""
"congruent-polygons-transformations-grade-7","congruent-polygons-transformations-grade-7","https://www.noamdoronmath.co.il/post/congruent-polygons-transformations-grade-7","headless/astro-poc/src/data/blog-posts/congruent-polygons-transformations-grade-7.json","מצולעים חופפים וטרנספורמציות לכיתה ז׳ | דפי עבודה חינם","ז׳","","יסודי|חטיבת הביניים|מורים והורים","worksheet-landing","1405","0","c18fb6ba25019eb46ae7e2b95cde35e6a303df98376ed68b4e53b403007d010b","false","true","not-read","not-started",""
"coordinate-axes-practice-guide","מדריך-לתרגול-צירים-קואורדינטות-שמתחיל-נכון","https://www.noamdoronmath.co.il/post/מדריך-לתרגול-צירים-קואורדינטות-שמתחיל-נכון","headless/astro-poc/src/data/blog-posts/coordinate-axes-practice-guide.json","מדריך לתרגול צירים קואורדינטות שמתחיל נכון","","parents|students","יסודי|חטיבת הביניים|מורים והורים","article","6677","0","1a2c83ad221835911198c663c9075f155a94f424f616b57a43ff66dc7c112af6","true","true","not-read","not-started",""
"data-collection-reading-grade-7","data-collection-reading-grade-7","https://www.noamdoronmath.co.il/post/data-collection-reading-grade-7","headless/astro-poc/src/data/blog-posts/data-collection-reading-grade-7.json","איסוף וקריאת מידע לכיתה ז׳ | דפי עבודה חינם","ז׳","","יסודי|חטיבת הביניים|מורים והורים","worksheet-landing","1365","0","1d1d3bae0f481de60640d220e2fa89b4b4f6c03e25f83edf9db90d6694340ec8","false","true","not-read","not-started",""
"decimals-practice-grade-6","תרגול-מספרים-עשרוניים-לכיתה-ו-בבית-ובכיתה","https://www.noamdoronmath.co.il/post/תרגול-מספרים-עשרוניים-לכיתה-ו-בבית-ובכיתה","headless/astro-poc/src/data/blog-posts/decimals-practice-grade-6.json","תרגול מספרים עשרוניים לכיתה ו׳ בבית ובכיתה","ו׳","","יסודי|חטיבת הביניים|מורים והורים","article","6666","2","b32fc44c854929c80e6068f2484208b43199691d66cd8c777258d494f151b87f","true","true","not-read","not-started",""
"distributive-property-parentheses-grade-7","distributive-property-parentheses-grade-7","https://www.noamdoronmath.co.il/post/distributive-property-parentheses-grade-7","headless/astro-poc/src/data/blog-posts/distributive-property-parentheses-grade-7.json","סוגריים וחוק הפילוג לכיתה ז׳ | דפי עבודה חינם","ז׳","","יסודי|חטיבת הביניים|מורים והורים","worksheet-landing","1270","0","cf48783550817e27908da17595038a20957179f1b8fbd917bd4ce6f063f2c45f","true","true","not-read","not-started",""
"educational-ai-math","בינה-חינוכית-שמקדמת-כל-תלמיד-במתמטיקה","https://www.noamdoronmath.co.il/post/בינה-חינוכית-שמקדמת-כל-תלמיד-במתמטיקה","headless/astro-poc/src/data/blog-posts/educational-ai-math.json","בינה חינוכית שמקדמת כל תלמיד במתמטיקה","","students","יסודי|חטיבת הביניים|מורים והורים","article","5634","0","86984b93ed8de47a1ece1cc41ce970bd5791ccf91f727e8c0478a0b6cec4bb13","true","true","not-read","not-started",""
"equations-grade-8-practice","משוואות-לכיתה-ח-תרגול-שמסדר-את-הדרך","https://www.noamdoronmath.co.il/post/משוואות-לכיתה-ח-תרגול-שמסדר-את-הדרך","headless/astro-poc/src/data/blog-posts/equations-grade-8-practice.json","משוואות לכיתה ח׳: תרגול שמסדר את הדרך","ח׳","","יסודי|חטיבת הביניים|מורים והורים","article","6203","5","fc19b5db5f40b1f5fb27d3ed797128e2c30d16d077465e32291e1a5e19203783","false","true","not-read","not-started",""
"equations-parentheses-equivalence-grade-7","equations-parentheses-equivalence-grade-7","https://www.noamdoronmath.co.il/post/equations-parentheses-equivalence-grade-7","headless/astro-poc/src/data/blog-posts/equations-parentheses-equivalence-grade-7.json","משוואות עם סוגריים ושקילות לכיתה ז׳ | דפי עבודה","ז׳","","יסודי|חטיבת הביניים|מורים והורים","worksheet-landing","1300","1","1613a24e718bffc35c6cc415a759924dabddc4bb9a877aac93d5f4bb99a66770","true","true","not-read","not-started",""
"equilateral-triangle-advanced-grade-7","equilateral-triangle-advanced-grade-7","https://www.noamdoronmath.co.il/post/equilateral-triangle-advanced-grade-7","headless/astro-poc/src/data/blog-posts/equilateral-triangle-advanced-grade-7.json","משולש שווה־צלעות — העמקה ורשות לכיתה ז׳ | דפי עבודה חינם","ז׳","","יסודי|חטיבת הביניים|מורים והורים","worksheet-landing","1398","0","92352804c701d5606907d3c853f1a2178d60a4d5a1119dd3d0b773046641b890","false","true","not-read","not-started",""
"exam-prep-grade-5-7-days","הכנה-למבחן-במתמטיקה-לכיתה-ה-ב-7-ימים","https://www.noamdoronmath.co.il/post/הכנה-למבחן-במתמטיקה-לכיתה-ה-ב-7-ימים","headless/astro-poc/src/data/blog-posts/exam-prep-grade-5-7-days.json","הכנה למבחן במתמטיקה לכיתה ה׳ ב-7 ימים","ה׳","","יסודי|חטיבת הביניים|מורים והורים","article","1713","0","9be3566aa2d290639b90c2596b41037bd373c81307c80301691031d8b593c70f","true","true","not-read","not-started",""
"first-quadrant-graph-points-grade-7","first-quadrant-graph-points-grade-7","https://www.noamdoronmath.co.il/post/first-quadrant-graph-points-grade-7","headless/astro-poc/src/data/blog-posts/first-quadrant-graph-points-grade-7.json","נקודות על גרף ברביע הראשון לכיתה ז׳ | דפי עבודה חינם","ז׳","","יסודי|חטיבת הביניים|מורים והורים","worksheet-landing","1302","0","7ca0b118fbb391f3b29317e73b643a59e857057cb6ded40147f4e73f52a2677d","true","true","not-read","not-started",""
"focused-math-review-online","חזרה-ממוקדת-במתמטיקה-אונליין-שמקדמת-באמת","https://www.noamdoronmath.co.il/post/חזרה-ממוקדת-במתמטיקה-אונליין-שמקדמת-באמת","headless/astro-poc/src/data/blog-posts/focused-math-review-online.json","חזרה ממוקדת במתמטיקה אונליין שמקדמת באמת","","parents","יסודי|חטיבת הביניים|מורים והורים","article","5661","0","e9cd1c0146f2f563e21513702282184ca6744e2066dfaabed86dbece3d39cb15","false","true","not-read","not-started",""
"fractions-practice-grade-4","תרגול-שברים-לכיתה-ד-שמחזק-הבנה-וביטחון","https://www.noamdoronmath.co.il/post/תרגול-שברים-לכיתה-ד-שמחזק-הבנה-וביטחון","headless/astro-poc/src/data/blog-posts/fractions-practice-grade-4.json","תרגול שברים לכיתה ד׳ שמחזק הבנה וביטחון","ד׳","","יסודי|חטיבת הביניים|מורים והורים","article","1630","0","9847a87558905d9199eded6fec7e2be73b2bf5cc10fc81fad37fe94b7ea55536","true","true","not-read","not-started",""
"free-worksheets-all-grades-ai","דפי-עבודה-במתמטיקה-בחינם-לכיתות-א-ט-לבית-ובקרוב-גם-סוכן-ai-תומך","https://www.noamdoronmath.co.il/post/דפי-עבודה-במתמטיקה-בחינם-לכיתות-א-ט-לבית-ובקרוב-גם-סוכן-ai-תומך","headless/astro-poc/src/data/blog-posts/free-worksheets-all-grades-ai.json","דפי עבודה במתמטיקה בחינם לכיתות א׳–ט׳, עם נועם AI בחטיבה","א׳–ט׳","","יסודי|חטיבת הביניים|מורים והורים","article","1370","0","94750f4e3f7f50b07cf877a343f887ea3d7ffe00433bfce42062c7897c44c935","true","true","not-read","not-started",""
"frequency-tables-grade-7","frequency-tables-grade-7","https://www.noamdoronmath.co.il/post/frequency-tables-grade-7","headless/astro-poc/src/data/blog-posts/frequency-tables-grade-7.json","שכיחות לכיתה ז׳ | דפי עבודה חינם","ז׳","","יסודי|חטיבת הביניים|מורים והורים","worksheet-landing","1322","0","4413a500a0f8b102cc5fce0e66d10d405e03420183d3afbab0bdc6a7fc8ac5cc","false","true","not-read","not-started",""
"functions-grade-9-graphs","פונקציות-לכיתה-ט-להבין-גרפים-ולפתור-נכון","https://www.noamdoronmath.co.il/post/פונקציות-לכיתה-ט-להבין-גרפים-ולפתור-נכון","headless/astro-poc/src/data/blog-posts/functions-grade-9-graphs.json","פונקציות לכיתה ט׳ - להבין גרפים ולפתור נכון","ט׳","","יסודי|חטיבת הביניים|מורים והורים","article","6075","0","1d923424dfe7ed779fa2123223707977a39ea5961047951713c3452e38821432","false","true","not-read","not-started",""
"geometry-grade-6-exams","איך-לתרגל-גאומטריה-לכיתה-ו-ולהצליח-במבחנים","https://www.noamdoronmath.co.il/post/איך-לתרגל-גאומטריה-לכיתה-ו-ולהצליח-במבחנים","headless/astro-poc/src/data/blog-posts/geometry-grade-6-exams.json","איך לתרגל גאומטריה לכיתה ו׳ ולהצליח במבחנים","ו׳","","יסודי|חטיבת הביניים|מורים והורים","article","1542","0","c7c1e567e003f9f019eea36668cdf26b204cba3b5a7e9fb63288b5bbd1a4c2ff","true","true","not-read","not-started",""
"grade-1-worksheets-confidence","דפי-עבודה-לכיתה-א-שמחזקים-ביטחון-במתמטיקה","https://www.noamdoronmath.co.il/post/דפי-עבודה-לכיתה-א-שמחזקים-ביטחון-במתמטיקה","headless/astro-poc/src/data/blog-posts/grade-1-worksheets-confidence.json","דפי עבודה לכיתה א׳ שמחזקים ביטחון במתמטיקה","א׳","","יסודי|חטיבת הביניים|מורים והורים","article","5710","1","7ffa41800bf91ddf5ac819f73ce9787499c712cdc2d841bd1e852cbc2b3b8580","false","true","not-read","not-started",""
"homework-worksheets","דפי-עבודה-לשיעורי-בית-במתמטיקה-שמקדמים-ביטחון","https://www.noamdoronmath.co.il/post/דפי-עבודה-לשיעורי-בית-במתמטיקה-שמקדמים-ביטחון","headless/astro-poc/src/data/blog-posts/homework-worksheets.json","דפי עבודה לשיעורי בית במתמטיקה שמקדמים ביטחון","","parents|teachers|students","יסודי|חטיבת הביניים|מורים והורים","article","6218","0","f10f384a9fb10236fd14bdf7e9f4138635141786a00b4bef8dfaf06eaf91dfa2","true","true","not-read","not-started",""
"learning-gaps-math","פערים-לימודיים-במתמטיקה-כך-סוגרים-אותם-נכון","https://www.noamdoronmath.co.il/post/פערים-לימודיים-במתמטיקה-כך-סוגרים-אותם-נכון","headless/astro-poc/src/data/blog-posts/learning-gaps-math.json","פערים לימודיים במתמטיקה: כך סוגרים אותם נכון","","students","יסודי|חטיבת הביניים|מורים והורים|תרגול מדורג","article","6054","0","55e20d21b8c63db533b3ec5b48b59d952c9a103d391f19b1942e6ab1c42ce7a6","true","true","not-read","pilot-package (long, short)",""
"math-for-kids-confidence-practice","מתמטיקה-לילדים-שבונה-ביטחון-ותרגול-נכון","https://www.noamdoronmath.co.il/post/מתמטיקה-לילדים-שבונה-ביטחון-ותרגול-נכון","headless/astro-poc/src/data/blog-posts/math-for-kids-confidence-practice.json","מתמטיקה לילדים שבונה ביטחון ותרגול נכון","","students","יסודי|חטיבת הביניים|מורים והורים","article","6590","0","d4c6f96d472df7d0defc422fe2db63036bbbdd21160ce41d65b8e3494f29dc1d","false","true","not-read","not-started",""
"math-thinking-practice","תרגול-חשיבה-מתמטית-לילדים-שבונה-ביטחון","https://www.noamdoronmath.co.il/post/תרגול-חשיבה-מתמטית-לילדים-שבונה-ביטחון","headless/astro-poc/src/data/blog-posts/math-thinking-practice.json","תרגול חשיבה מתמטית לילדים שבונה ביטחון","","students","יסודי|חטיבת הביניים|מורים והורים","article","5631","0","3651e461ac40eb187c7205ac0a8f02d7b6acfcd8e96917f118a3490f97939181","true","true","not-read","not-started",""
"multiplication-table-worksheets","דפי-עבודה-ללוח-הכפל-לתרגול-נכון-בבית","https://www.noamdoronmath.co.il/post/דפי-עבודה-ללוח-הכפל-לתרגול-נכון-בבית","headless/astro-poc/src/data/blog-posts/multiplication-table-worksheets.json","דפי עבודה ללוח הכפל לתרגול נכון בבית","","","יסודי|חטיבת הביניים|מורים והורים","article","1497","0","8aa34c00e2aac25ec1b76ef3d135b626094de10a4b8f0ec11143e1d02a6541f1","true","true","not-read","not-started",""
"noam-ai-worksheets-how-to-start","בקרוב-סוכן-בינה-מלאכותית-לתרגול-דפי-עבודה","https://www.noamdoronmath.co.il/post/בקרוב-סוכן-בינה-מלאכותית-לתרגול-דפי-עבודה","headless/astro-poc/src/data/blog-posts/noam-ai-worksheets-how-to-start.json","נועם AI בדפי העבודה לכיתות ז׳–ט׳: איך מתחילים","ז׳–ט׳","","יסודי|חטיבת הביניים|מורים והורים","article","1420","0","478f8fefef48c39a8c34322941bf38ddea48bb673d5f5070599a74b983afc26e","false","true","not-read","not-started",""
"one-step-equations-grade-7","one-step-equations-grade-7","https://www.noamdoronmath.co.il/post/one-step-equations-grade-7","headless/astro-poc/src/data/blog-posts/one-step-equations-grade-7.json","משוואות חד־שלביות לכיתה ז׳ | דפי עבודה חינם","ז׳","","יסודי|חטיבת הביניים|מורים והורים","worksheet-landing","1254","0","903cfe7f26202637e23f0a787ef58c4ddb3b6d848e7cffb2a50132e2d2492ec8","true","true","not-read","not-started",""
"order-of-operations-guide","איך-פותרים-סדר-פעולות-חשבון-בלי-להתבלבל","https://www.noamdoronmath.co.il/post/איך-פותרים-סדר-פעולות-חשבון-בלי-להתבלבל","headless/astro-poc/src/data/blog-posts/order-of-operations-guide.json","איך פותרים סדר פעולות חשבון בלי להתבלבל?","","parents|students","יסודי|חטיבת הביניים|מורים והורים","article","5579","24","e9737e413fa940c346265fcd4023cce215456ef29c5f012eb74d00c566251d65","true","true","not-read","pilot-package (long, short)",""
"parallelogram-trapezoid-area-grade-7","parallelogram-trapezoid-area-grade-7","https://www.noamdoronmath.co.il/post/parallelogram-trapezoid-area-grade-7","headless/astro-poc/src/data/blog-posts/parallelogram-trapezoid-area-grade-7.json","שטחים ב׳ חלק 1 — מקבילית וטרפז לכיתה ז׳ | דפי עבודה חינם","ז׳","","יסודי|חטיבת הביניים|מורים והורים","worksheet-landing","1244","0","c7c22177a6c668e45e93f8af657732ac15ca4b12d50f578cd3ef259bcbebb3b5","true","true","not-read","not-started",""
"patterns-grade-7","patterns-grade-7","https://www.noamdoronmath.co.il/post/patterns-grade-7","headless/astro-poc/src/data/blog-posts/patterns-grade-7.json","חוקיות לכיתה ז׳ | דפי עבודה חינם","ז׳","","יסודי|חטיבת הביניים|מורים והורים","worksheet-landing","1272","0","8e6b4356c9ec4ad77faf4507ac60eb7098926e37c31e0beeb9f8916d596a9faa","true","true","not-read","not-started",""
"percentages-exercises-grade-7","תרגילי-אחוזים-לכיתה-ז-לתרגול-בטוח-ומדויק","https://www.noamdoronmath.co.il/post/תרגילי-אחוזים-לכיתה-ז-לתרגול-בטוח-ומדויק","headless/astro-poc/src/data/blog-posts/percentages-exercises-grade-7.json","תרגילי אחוזים לכיתה ז׳ לתרגול בטוח ומדויק","ז׳","","יסודי|חטיבת הביניים|מורים והורים","article","5804","0","5401a2eee15f0352d470e1af2680a20de5fe4ddb3b4e8b84f4736dcd4375216b","false","true","not-read","not-started",""
"perimeter-complex-shapes-algebra-grade-7","perimeter-complex-shapes-algebra-grade-7","https://www.noamdoronmath.co.il/post/perimeter-complex-shapes-algebra-grade-7","headless/astro-poc/src/data/blog-posts/perimeter-complex-shapes-algebra-grade-7.json","היקף צורות מורכבות ואלגברה לכיתה ז׳ | דפי עבודה","ז׳","","יסודי|חטיבת הביניים|מורים והורים","worksheet-landing","1296","0","d01f14779b3dbf764c3e4e882ec21cd81902ca05cce7bd8e3e9ec1d423c48c1b","true","true","not-read","not-started",""
"powers-roots-middle-guide","מדריך-לחזקות-ושורשים-בחטיבה-לתרגול-בטוח","https://www.noamdoronmath.co.il/post/מדריך-לחזקות-ושורשים-בחטיבה-לתרגול-בטוח","headless/astro-poc/src/data/blog-posts/powers-roots-middle-guide.json","מדריך לחזקות ושורשים בחטיבה לתרגול בטוח.","","","יסודי|חטיבת הביניים|מורים והורים","article","5716","47","4a887d67b6c13b61da8a77725e7ef5a9f2139457813b5b29bb138f776c5c83b8","false","true","not-read","pilot-package (long, short)",""
"probability-introduction-grade-7","probability-introduction-grade-7","https://www.noamdoronmath.co.il/post/probability-introduction-grade-7","headless/astro-poc/src/data/blog-posts/probability-introduction-grade-7.json","הסתברות — היכרות לכיתה ז׳ | דפי עבודה חינם","ז׳","","יסודי|חטיבת הביניים|מורים והורים","worksheet-landing","1363","0","18e10e7d1d5fdf86bfb62698ec9c6376afbc8655985483848d2a4b6000f5aa13","false","true","not-read","not-started",""
"reading-graphs-for-kids","מדריך-לקריאת-גרפים-לילדים-בצורה-פשוטה","https://www.noamdoronmath.co.il/post/מדריך-לקריאת-גרפים-לילדים-בצורה-פשוטה","headless/astro-poc/src/data/blog-posts/reading-graphs-for-kids.json","מדריך לקריאת גרפים לילדים בצורה פשוטה","","students","יסודי|חטיבת הביניים|מורים והורים|בכיתות צעירות|להורה או למורה","article","6389","0","4673859d20997ff2c9f4f46dc195f0cf84f70b1cb25e420367b5894f95772238","true","true","not-read","not-started",""
"rectangle-square-area-advanced-grade-7","rectangle-square-area-advanced-grade-7","https://www.noamdoronmath.co.il/post/rectangle-square-area-advanced-grade-7","headless/astro-poc/src/data/blog-posts/rectangle-square-area-advanced-grade-7.json","שטח מלבן וריבוע — העמקה לכיתה ז׳ | דפי עבודה חינם","ז׳","","יסודי|חטיבת הביניים|מורים והורים","worksheet-landing","1308","0","bffdbe63659cac2c87baccc379d3ea134efbd4c259d8273b2123f0ee1f4abd2e","true","true","not-read","not-started",""
"relative-frequency-experiments-grade-7","relative-frequency-experiments-grade-7","https://www.noamdoronmath.co.il/post/relative-frequency-experiments-grade-7","headless/astro-poc/src/data/blog-posts/relative-frequency-experiments-grade-7.json","שכיחות יחסית בניסויים לכיתה ז׳ | דפי עבודה חינם","ז׳","","יסודי|חטיבת הביניים|מורים והורים","worksheet-landing","1410","0","1ff2961fc49533d08ce017c45031188c6bae0d5caa0c61892d6e50bf861ba56a","false","true","not-read","not-started",""
"relative-frequency-introduction-grade-7","relative-frequency-introduction-grade-7","https://www.noamdoronmath.co.il/post/relative-frequency-introduction-grade-7","headless/astro-poc/src/data/blog-posts/relative-frequency-introduction-grade-7.json","שכיחות יחסית חלק 1 — היכרות לכיתה ז׳ | דפי עבודה חינם","ז׳","","יסודי|חטיבת הביניים|מורים והורים","worksheet-landing","1395","0","eadc3abf3a420150a752072645dfca6cfddbe64206782e8536a531adccab1ace","false","true","not-read","not-started",""
"simplify-then-solve-equations-grade-7","simplify-then-solve-equations-grade-7","https://www.noamdoronmath.co.il/post/simplify-then-solve-equations-grade-7","headless/astro-poc/src/data/blog-posts/simplify-then-solve-equations-grade-7.json","מפשטים ואז פותרים לכיתה ז׳ | דפי עבודה חינם","ז׳","","יסודי|חטיבת הביניים|מורים והורים","worksheet-landing","1283","0","a7a2e1253830c2d0543d1025247abe296c053cf2f319d87ca4907db9a692b9f1","true","true","not-read","not-started",""
"struggling-students-practice","תרגול-מתמטיקה-לתלמידים-מתקשים-שמקדם-ביטחון","https://www.noamdoronmath.co.il/post/תרגול-מתמטיקה-לתלמידים-מתקשים-שמקדם-ביטחון","headless/astro-poc/src/data/blog-posts/struggling-students-practice.json","תרגול מתמטיקה לתלמידים מתקשים שמקדם ביטחון","","students","יסודי|חטיבת הביניים|מורים והורים","article","6313","0","6b7721322d5af7f3be0c9f4d46659d02f8502fe1b06d8c29729903cdeb62fdc8","true","true","not-read","not-started",""
"substitution-in-algebraic-expressions-grade-7","substitution-in-algebraic-expressions-grade-7","https://www.noamdoronmath.co.il/post/substitution-in-algebraic-expressions-grade-7","headless/astro-poc/src/data/blog-posts/substitution-in-algebraic-expressions-grade-7.json","הצבה בביטויים אלגבריים לכיתה ז׳ | דפי עבודה חינם","ז׳","","יסודי|חטיבת הביניים|מורים והורים","worksheet-landing","1288","0","d6dd13ef76c1cd5d529ae110cae882340b511b5f2e6d202c39313d3f30657540","true","true","not-read","not-started",""
"three-representations-equation-solution-grade-7","three-representations-equation-solution-grade-7","https://www.noamdoronmath.co.il/post/three-representations-equation-solution-grade-7","headless/astro-poc/src/data/blog-posts/three-representations-equation-solution-grade-7.json","שלושה ייצוגים לפתרון משוואה לכיתה ז׳ | דפי עבודה חינם","ז׳","","יסודי|חטיבת הביניים|מורים והורים","worksheet-landing","1278","0","741e6687a64b02d189f3b30ddc266bd6659a9621914883b61c073e2e5358ef73","true","true","not-read","not-started",""
"triangular-prism-surface-area-grade-7","triangular-prism-surface-area-grade-7","https://www.noamdoronmath.co.il/post/triangular-prism-surface-area-grade-7","headless/astro-poc/src/data/blog-posts/triangular-prism-surface-area-grade-7.json","מנסרה משולשת חלק 2 — שטח פנים לכיתה ז׳ | דפי עבודה חינם","ז׳","","יסודי|חטיבת הביניים|מורים והורים","worksheet-landing","1279","0","9cc654e3b64a79c8ef96edff984f2d2850637a1cf9ff26b94ae519e1ffeb13c3","true","true","not-read","not-started",""
"triangular-prism-volume-grade-7","triangular-prism-volume-grade-7","https://www.noamdoronmath.co.il/post/triangular-prism-volume-grade-7","headless/astro-poc/src/data/blog-posts/triangular-prism-volume-grade-7.json","מנסרה משולשת חלק 1 — מבנה ונפח לכיתה ז׳ | דפי עבודה חינם","ז׳","","יסודי|חטיבת הביניים|מורים והורים","worksheet-landing","1325","0","562cb0a3e7218e9c7e5f53fc1e07f0a7be7e06b29acd7cd7fbfe863abd2d37cd","true","true","not-read","not-started",""
"two-step-equations-grade-7","two-step-equations-grade-7","https://www.noamdoronmath.co.il/post/two-step-equations-grade-7","headless/astro-poc/src/data/blog-posts/two-step-equations-grade-7.json","משוואות דו־שלביות לכיתה ז׳ | דפי עבודה חינם","ז׳","","יסודי|חטיבת הביניים|מורים והורים","worksheet-landing","1317","1","b8fae5d39132bcdb058cf3f39736047d7a9c8e234388029971b6382577524b3a","false","true","not-read","not-started",""
"unknown-on-both-sides-grade-7","unknown-on-both-sides-grade-7","https://www.noamdoronmath.co.il/post/unknown-on-both-sides-grade-7","headless/astro-poc/src/data/blog-posts/unknown-on-both-sides-grade-7.json","הנעלם בשני האגפים לכיתה ז׳ | דפי עבודה חינם","ז׳","","יסודי|חטיבת הביניים|מורים והורים","worksheet-landing","1294","0","2070ce6f002c18007dfd2df53b3dea2d6f7bddb309f03e67643f68906e4f2017","true","true","not-read","not-started",""
"variables-and-algebraic-modeling-grade-7","variables-and-algebraic-modeling-grade-7","https://www.noamdoronmath.co.il/post/variables-and-algebraic-modeling-grade-7","headless/astro-poc/src/data/blog-posts/variables-and-algebraic-modeling-grade-7.json","משתנים וביטויים אלגבריים לכיתה ז׳ | דפי עבודה","ז׳","","יסודי|חטיבת הביניים|מורים והורים","worksheet-landing","1300","0","25afea7188c05f3696b7ae985cb5531dbea1c5f000448034546fc2067d572a39","true","true","not-read","not-started",""
"what-is-an-equation-solution-grade-7","what-is-an-equation-solution-grade-7","https://www.noamdoronmath.co.il/post/what-is-an-equation-solution-grade-7","headless/astro-poc/src/data/blog-posts/what-is-an-equation-solution-grade-7.json","מהו פתרון של משוואה לכיתה ז׳ | דפי עבודה חינם","ז׳","","יסודי|חטיבת הביניים|מורים והורים","worksheet-landing","1269","0","8b7fb41cc5289ee497dcf12ed02b35b98a03da140b1ae388c092951346f7a0b1","true","true","not-read","not-started",""
"when-learn-percentages-grade-6","מתי-לומדים-אחוזים-ואיך-בונים-הבנה-נכונה-בכיתה-ו","https://www.noamdoronmath.co.il/post/מתי-לומדים-אחוזים-ואיך-בונים-הבנה-נכונה-בכיתה-ו","headless/astro-poc/src/data/blog-posts/when-learn-percentages-grade-6.json","מתי לומדים אחוזים ואיך בונים הבנה נכונה בכיתה ו׳","ו׳","parents|teachers|students","יסודי|חטיבת הביניים|מורים והורים","article","6169","0","6c38b49224d51da9a3bbb61b749e4195641d4fc16fca5e21ad38e14af753de30","false","true","not-read","not-started",""
"word-problems-step-by-step","בעיות-מילוליות-במתמטיקה-פותרים-שלב-אחר-שלב","https://www.noamdoronmath.co.il/post/בעיות-מילוליות-במתמטיקה-פותרים-שלב-אחר-שלב","headless/astro-poc/src/data/blog-posts/word-problems-step-by-step.json","בעיות מילוליות במתמטיקה פותרים שלב אחר שלב","","","יסודי|חטיבת הביניים|מורים והורים","article","6006","3","1c2e7dad2d5efdc06212780c056dc8e6ab60d2cbf60744db0586cfdf8370745a","true","true","not-read","not-started",""
"word-problems-with-equations-grade-7","word-problems-with-equations-grade-7","https://www.noamdoronmath.co.il/post/word-problems-with-equations-grade-7","headless/astro-poc/src/data/blog-posts/word-problems-with-equations-grade-7.json","שאלות מילוליות באמצעות משוואות לכיתה ז׳ | דפי עבודה חינם","ז׳","","יסודי|חטיבת הביניים|מורים והורים","worksheet-landing","1292","0","bda8b6aba5ce64655f9b1f940d454dd8c3e02ea78cf7107e2d7e01b1cc48f6cb","true","true","not-read","not-started",""
"workbooks-vs-practice-sheets","חוברות-חשבון-מול-דפי-תרגול-מה-מתאים-לילד","https://www.noamdoronmath.co.il/post/חוברות-חשבון-מול-דפי-תרגול-מה-מתאים-לילד","headless/astro-poc/src/data/blog-posts/workbooks-vs-practice-sheets.json","חוברות חשבון מול דפי תרגול - מה מתאים לילד?","","","יסודי|חטיבת הביניים|מורים והורים","article","5575","0","ff64a127a4409e7f05cf3e087d0a6f6569de238b9e9e6b8b67af2252cc9a9c06","false","true","not-read","not-started",""
"worksheets-for-teachers","דפי-עבודה-למורים-במתמטיקה-שמקצרים-הכנה-לשיעור","https://www.noamdoronmath.co.il/post/דפי-עבודה-למורים-במתמטיקה-שמקצרים-הכנה-לשיעור","headless/astro-poc/src/data/blog-posts/worksheets-for-teachers.json","דפי עבודה למורים במתמטיקה שמקצרים הכנה לשיעור","","teachers","יסודי|חטיבת הביניים|מורים והורים","article","1654","0","af89a29cf258ffd942ac9f31e03a625affe8627b3583571dbcad6be5ba1e8a73","true","true","not-read","not-started",""
"worksheets-no-registration","דפי-עבודה-במתמטיקה-ללא-הרשמה-לכל-כיתה-ונושא","https://www.noamdoronmath.co.il/post/דפי-עבודה-במתמטיקה-ללא-הרשמה-לכל-כיתה-ונושא","headless/astro-poc/src/data/blog-posts/worksheets-no-registration.json","דפי עבודה במתמטיקה ללא הרשמה לכל כיתה ונושא","ו׳","students","יסודי|חטיבת הביניים|מורים והורים","article","5565","0","0c35598dc349ec4b0731fcfe4be7f73f296bb9d8c51f7f15f9bf4429e6848ee5","true","true","not-read","not-started",""
