כתובת ישנה,כתובת חדשה,סטטוס,ביטחון בהתאמה
https://www.noamdoronmath.co.il/worksheetsfor1thgrade,https://www.noamdoronmath.co.il/grade-1,301,גבוה
https://www.noamdoronmath.co.il/worksheetsfor2thgrade,https://www.noamdoronmath.co.il/grade-2,301,גבוה
https://www.noamdoronmath.co.il/worksheetsfor3thgrade,https://www.noamdoronmath.co.il/grade-3,301,גבוה
https://www.noamdoronmath.co.il/worksheetsfor4thgrade,https://www.noamdoronmath.co.il/grade-4,301,גבוה
https://www.noamdoronmath.co.il/worksheetsfor5thgrade,https://www.noamdoronmath.co.il/grade-5,301,גבוה
https://www.noamdoronmath.co.il/worksheetsfor6thgrade,https://www.noamdoronmath.co.il/grade-6,301,גבוה
https://www.noamdoronmath.co.il/worksheetsfor7thgrade,https://www.noamdoronmath.co.il/grade-7,301,גבוה
https://www.noamdoronmath.co.il/worksheetsfor8thgrade,https://www.noamdoronmath.co.il/grade-8,301,גבוה
https://www.noamdoronmath.co.il/worksheetsfor9thgrade,https://www.noamdoronmath.co.il/grade-9,301,גבוה
https://www.noamdoronmath.co.il/worksheets8grade-1,https://www.noamdoronmath.co.il/grade-8,301,גבוה
https://www.noamdoronmath.co.il/worksheets8grade-2,https://www.noamdoronmath.co.il/grade-8,301,גבוה
https://www.noamdoronmath.co.il/home,https://www.noamdoronmath.co.il/,301,גבוה
https://www.noamdoronmath.co.il/triangle-area-grade-7-worksheets,https://www.noamdoronmath.co.il/triangle-area-grade-7,301,גבוה
https://www.noamdoronmath.co.il/special-triangles-grade-7,https://www.noamdoronmath.co.il/special-triangles-grade-7-new,301,גבוה
https://www.noamdoronmath.co.il/advanced-pythagoras-grade-8-worksheet,https://www.noamdoronmath.co.il/advanced-pythagoras-grade-8,301,גבוה
https://www.noamdoronmath.co.il/coordinate-plane-intro-grade-7,https://www.noamdoronmath.co.il/coordinate-plane-scale-grade-7,301,גבוה
https://www.noamdoronmath.co.il/blank,https://www.noamdoronmath.co.il/grade-9,301,גבוה
https://www.noamdoronmath.co.il/blank-1,https://www.noamdoronmath.co.il/quadratic-inequalities-systems-grade-9,301,גבוה
https://www.noamdoronmath.co.il/blank-2,https://www.noamdoronmath.co.il/precalculus-functions-graphs-grade-9,301,גבוה
https://www.noamdoronmath.co.il/equations-grade-7-1,https://www.noamdoronmath.co.il/equations-both-sides-word-problems-grade-7,301,גבוה
https://www.noamdoronmath.co.il/equations-both-sides-word-problems-grade-7-1,https://www.noamdoronmath.co.il/equations-both-sides-word-problems-grade-7,301,גבוה
https://www.noamdoronmath.co.il/inequalities-grade-8-1,https://www.noamdoronmath.co.il/inequalities-grade-8,301,גבוה
https://www.noamdoronmath.co.il/page-1,https://www.noamdoronmath.co.il/accessibilityadaptation,301,גבוה
https://www.noamdoronmath.co.il/page-2,https://www.noamdoronmath.co.il/aboutus,301,גבוה
https://www.noamdoronmath.co.il/page-3,https://www.noamdoronmath.co.il/accessibilityadaptation,301,גבוה
https://www.noamdoronmath.co.il/page-5,https://www.noamdoronmath.co.il/conditionforfreeworksheets,301,גבוה
https://www.noamdoronmath.co.il/high-school-math-1,https://www.noamdoronmath.co.il/high-school-math,301,גבוה
https://www.noamdoronmath.co.il/equations-grade-7,https://www.noamdoronmath.co.il/equations-basics-grade-7,301,גבוה
https://www.noamdoronmath.co.il/page,https://www.noamdoronmath.co.il/terms,301,גבוה
https://www.noamdoronmath.co.il/privacy,https://www.noamdoronmath.co.il/accessibilityadaptation#privacy-policy,301,גבוה
https://www.noamdoronmath.co.il/workflow,,404-מכוון,גבוה
https://www.noamdoronmath.co.il/,https://www.noamdoronmath.co.il/,200,גבוה
https://www.noamdoronmath.co.il/404,https://www.noamdoronmath.co.il/404,200,גבוה
https://www.noamdoronmath.co.il/aboutus,https://www.noamdoronmath.co.il/aboutus,200,גבוה
https://www.noamdoronmath.co.il/accessibilityadaptation,https://www.noamdoronmath.co.il/accessibilityadaptation,200,גבוה
https://www.noamdoronmath.co.il/adjacent-vertical-angles-grade-7,https://www.noamdoronmath.co.il/adjacent-vertical-angles-grade-7,200,גבוה
https://www.noamdoronmath.co.il/advanced-pythagoras-grade-8,https://www.noamdoronmath.co.il/advanced-pythagoras-grade-8,200,גבוה
https://www.noamdoronmath.co.il/algebraic-expressions-grade-7,https://www.noamdoronmath.co.il/algebraic-expressions-grade-7,200,גבוה
https://www.noamdoronmath.co.il/algebraic-fractions-grade-9,https://www.noamdoronmath.co.il/algebraic-fractions-grade-9,200,גבוה
https://www.noamdoronmath.co.il/analytic-geometry-grade-9,https://www.noamdoronmath.co.il/analytic-geometry-grade-9,200,גבוה
https://www.noamdoronmath.co.il/angles-grade-7,https://www.noamdoronmath.co.il/angles-grade-7,200,גבוה
https://www.noamdoronmath.co.il/angles-introduction-measurement-grade-7,https://www.noamdoronmath.co.il/angles-introduction-measurement-grade-7,200,גבוה
https://www.noamdoronmath.co.il/angles-review-grade-7,https://www.noamdoronmath.co.il/angles-review-grade-7,200,גבוה
https://www.noamdoronmath.co.il/area-parallelogram-trapezoid-composite-grade-7,https://www.noamdoronmath.co.il/area-parallelogram-trapezoid-composite-grade-7,200,גבוה
https://www.noamdoronmath.co.il/area-rectangle-perimeter-grade-7,https://www.noamdoronmath.co.il/area-rectangle-perimeter-grade-7,200,גבוה
https://www.noamdoronmath.co.il/binomial-square-grade-9,https://www.noamdoronmath.co.il/binomial-square-grade-9,200,גבוה
https://www.noamdoronmath.co.il/blog,https://www.noamdoronmath.co.il/blog,200,גבוה
https://www.noamdoronmath.co.il/blog/categories/elementary-math,https://www.noamdoronmath.co.il/blog/categories/elementary-math,200,גבוה
https://www.noamdoronmath.co.il/blog/categories/middle-school-math,https://www.noamdoronmath.co.il/blog/categories/middle-school-math,200,גבוה
https://www.noamdoronmath.co.il/blog/categories/teachers-and-parents,https://www.noamdoronmath.co.il/blog/categories/teachers-and-parents,200,גבוה
https://www.noamdoronmath.co.il/circle-area-circumference-grade-8,https://www.noamdoronmath.co.il/circle-area-circumference-grade-8,200,גבוה
https://www.noamdoronmath.co.il/combining-like-terms-grade-7,https://www.noamdoronmath.co.il/combining-like-terms-grade-7,200,גבוה
https://www.noamdoronmath.co.il/composite-polygons-area-grade-9,https://www.noamdoronmath.co.il/composite-polygons-area-grade-9,200,גבוה
https://www.noamdoronmath.co.il/conditionforfreeworksheets,https://www.noamdoronmath.co.il/conditionforfreeworksheets,200,גבוה
https://www.noamdoronmath.co.il/cone-grade-8,https://www.noamdoronmath.co.il/cone-grade-8,200,גבוה
https://www.noamdoronmath.co.il/congruence-theorems-grade-8,https://www.noamdoronmath.co.il/congruence-theorems-grade-8,200,גבוה
https://www.noamdoronmath.co.il/congruent-polygons-transformations-grade-9,https://www.noamdoronmath.co.il/congruent-polygons-transformations-grade-9,200,גבוה
https://www.noamdoronmath.co.il/coordinate-plane-applications-grade-7,https://www.noamdoronmath.co.il/coordinate-plane-applications-grade-7,200,גבוה
https://www.noamdoronmath.co.il/coordinate-plane-applications-grade-9,https://www.noamdoronmath.co.il/coordinate-plane-applications-grade-9,200,גבוה
https://www.noamdoronmath.co.il/coordinate-plane-four-quadrants-grade-7,https://www.noamdoronmath.co.il/coordinate-plane-four-quadrants-grade-7,200,גבוה
https://www.noamdoronmath.co.il/coordinate-plane-grade-8,https://www.noamdoronmath.co.il/coordinate-plane-grade-8,200,גבוה
https://www.noamdoronmath.co.il/coordinate-plane-quadrants-grade-7,https://www.noamdoronmath.co.il/coordinate-plane-quadrants-grade-7,200,גבוה
https://www.noamdoronmath.co.il/coordinate-plane-scale-grade-7,https://www.noamdoronmath.co.il/coordinate-plane-scale-grade-7,200,גבוה
https://www.noamdoronmath.co.il/cylinder-surface-area-grade-8,https://www.noamdoronmath.co.il/cylinder-surface-area-grade-8,200,גבוה
https://www.noamdoronmath.co.il/cylinder-volume-grade-8,https://www.noamdoronmath.co.il/cylinder-volume-grade-8,200,גבוה
https://www.noamdoronmath.co.il/dev-loops,,404-מכוון,גבוה
https://www.noamdoronmath.co.il/difference-of-squares-grade-9,https://www.noamdoronmath.co.il/difference-of-squares-grade-9,200,גבוה
https://www.noamdoronmath.co.il/distributive-law-grade-9,https://www.noamdoronmath.co.il/distributive-law-grade-9,200,גבוה
https://www.noamdoronmath.co.il/dividing-signed-numbers-grade-7,https://www.noamdoronmath.co.il/dividing-signed-numbers-grade-7,200,גבוה
https://www.noamdoronmath.co.il/equations-advanced-grade-7,https://www.noamdoronmath.co.il/equations-advanced-grade-7,200,גבוה
https://www.noamdoronmath.co.il/equations-basics-grade-7,https://www.noamdoronmath.co.il/equations-basics-grade-7,200,גבוה
https://www.noamdoronmath.co.il/equations-both-sides-word-problems-grade-7,https://www.noamdoronmath.co.il/equations-both-sides-word-problems-grade-7,200,גבוה
https://www.noamdoronmath.co.il/exponent-rules-grade-9,https://www.noamdoronmath.co.il/exponent-rules-grade-9,200,גבוה
https://www.noamdoronmath.co.il/exterior-angle-triangle-grade-8,https://www.noamdoronmath.co.il/exterior-angle-triangle-grade-8,200,גבוה
https://www.noamdoronmath.co.il/factoring-grade-9,https://www.noamdoronmath.co.il/factoring-grade-9,200,גבוה
https://www.noamdoronmath.co.il/geometric-proof-grade-8,https://www.noamdoronmath.co.il/geometric-proof-grade-8,200,גבוה
https://www.noamdoronmath.co.il/grade-1,https://www.noamdoronmath.co.il/grade-1,200,גבוה
https://www.noamdoronmath.co.il/grade-2,https://www.noamdoronmath.co.il/grade-2,200,גבוה
https://www.noamdoronmath.co.il/grade-3,https://www.noamdoronmath.co.il/grade-3,200,גבוה
https://www.noamdoronmath.co.il/grade-4,https://www.noamdoronmath.co.il/grade-4,200,גבוה
https://www.noamdoronmath.co.il/grade-5,https://www.noamdoronmath.co.il/grade-5,200,גבוה
https://www.noamdoronmath.co.il/grade-6,https://www.noamdoronmath.co.il/grade-6,200,גבוה
https://www.noamdoronmath.co.il/grade-7,https://www.noamdoronmath.co.il/grade-7,200,גבוה
https://www.noamdoronmath.co.il/grade-8,https://www.noamdoronmath.co.il/grade-8,200,גבוה
https://www.noamdoronmath.co.il/grade-9,https://www.noamdoronmath.co.il/grade-9,200,גבוה
https://www.noamdoronmath.co.il/high-school-math,https://www.noamdoronmath.co.il/high-school-math,200,גבוה
https://www.noamdoronmath.co.il/inequalities-grade-8,https://www.noamdoronmath.co.il/inequalities-grade-8,200,גבוה
https://www.noamdoronmath.co.il/isosceles-triangle-grade-8,https://www.noamdoronmath.co.il/isosceles-triangle-grade-8,200,גבוה
https://www.noamdoronmath.co.il/isosceles-triangle-grade-9,https://www.noamdoronmath.co.il/isosceles-triangle-grade-9,200,גבוה
https://www.noamdoronmath.co.il/isosceles-triangle-properties-grade-8,https://www.noamdoronmath.co.il/isosceles-triangle-properties-grade-8,200,גבוה
https://www.noamdoronmath.co.il/linear-equations-grade-8,https://www.noamdoronmath.co.il/linear-equations-grade-8,200,גבוה
https://www.noamdoronmath.co.il/linear-function-grade-8,https://www.noamdoronmath.co.il/linear-function-grade-8,200,גבוה
https://www.noamdoronmath.co.il/linear-function-grade-9,https://www.noamdoronmath.co.il/linear-function-grade-9,200,גבוה
https://www.noamdoronmath.co.il/math-tools,https://www.noamdoronmath.co.il/math-tools,200,גבוה
https://www.noamdoronmath.co.il/multiplying-signed-numbers-grade-7,https://www.noamdoronmath.co.il/multiplying-signed-numbers-grade-7,200,גבוה
https://www.noamdoronmath.co.il/number-line-absolute-value-grade-7,https://www.noamdoronmath.co.il/number-line-absolute-value-grade-7,200,גבוה
https://www.noamdoronmath.co.il/order-of-operations-signed-numbers-grade-7,https://www.noamdoronmath.co.il/order-of-operations-signed-numbers-grade-7,200,גבוה
https://www.noamdoronmath.co.il/parallel-lines-angles-grade-8,https://www.noamdoronmath.co.il/parallel-lines-angles-grade-8,200,גבוה
https://www.noamdoronmath.co.il/parallelogram-grade-9,https://www.noamdoronmath.co.il/parallelogram-grade-9,200,גבוה
https://www.noamdoronmath.co.il/parallelogram-trapezoid-area-grade-9,https://www.noamdoronmath.co.il/parallelogram-trapezoid-area-grade-9,200,גבוה
https://www.noamdoronmath.co.il/patterns-and-graphs-grade-7,https://www.noamdoronmath.co.il/patterns-and-graphs-grade-7,200,גבוה
https://www.noamdoronmath.co.il/percentage-problems-grade-8,https://www.noamdoronmath.co.il/percentage-problems-grade-8,200,גבוה
https://www.noamdoronmath.co.il/post/annual-review-grade-7,https://www.noamdoronmath.co.il/post/annual-review-grade-7,200,גבוה
https://www.noamdoronmath.co.il/post/assessment-1-grade-7,https://www.noamdoronmath.co.il/post/assessment-1-grade-7,200,גבוה
https://www.noamdoronmath.co.il/post/box-and-cube-grade-7,https://www.noamdoronmath.co.il/post/box-and-cube-grade-7,200,גבוה
https://www.noamdoronmath.co.il/post/common-factor-and-minus-parentheses-grade-7,https://www.noamdoronmath.co.il/post/common-factor-and-minus-parentheses-grade-7,200,גבוה
https://www.noamdoronmath.co.il/post/composite-polygons-area-grade-7,https://www.noamdoronmath.co.il/post/composite-polygons-area-grade-7,200,גבוה
https://www.noamdoronmath.co.il/post/congruent-polygons-transformations-grade-7,https://www.noamdoronmath.co.il/post/congruent-polygons-transformations-grade-7,200,גבוה
https://www.noamdoronmath.co.il/post/data-collection-reading-grade-7,https://www.noamdoronmath.co.il/post/data-collection-reading-grade-7,200,גבוה
https://www.noamdoronmath.co.il/post/distributive-property-parentheses-grade-7,https://www.noamdoronmath.co.il/post/distributive-property-parentheses-grade-7,200,גבוה
https://www.noamdoronmath.co.il/post/equations-parentheses-equivalence-grade-7,https://www.noamdoronmath.co.il/post/equations-parentheses-equivalence-grade-7,200,גבוה
https://www.noamdoronmath.co.il/post/equilateral-triangle-advanced-grade-7,https://www.noamdoronmath.co.il/post/equilateral-triangle-advanced-grade-7,200,גבוה
https://www.noamdoronmath.co.il/post/first-quadrant-graph-points-grade-7,https://www.noamdoronmath.co.il/post/first-quadrant-graph-points-grade-7,200,גבוה
https://www.noamdoronmath.co.il/post/frequency-tables-grade-7,https://www.noamdoronmath.co.il/post/frequency-tables-grade-7,200,גבוה
https://www.noamdoronmath.co.il/post/one-step-equations-grade-7,https://www.noamdoronmath.co.il/post/one-step-equations-grade-7,200,גבוה
https://www.noamdoronmath.co.il/post/parallelogram-trapezoid-area-grade-7,https://www.noamdoronmath.co.il/post/parallelogram-trapezoid-area-grade-7,200,גבוה
https://www.noamdoronmath.co.il/post/patterns-grade-7,https://www.noamdoronmath.co.il/post/patterns-grade-7,200,גבוה
https://www.noamdoronmath.co.il/post/perimeter-complex-shapes-algebra-grade-7,https://www.noamdoronmath.co.il/post/perimeter-complex-shapes-algebra-grade-7,200,גבוה
https://www.noamdoronmath.co.il/post/probability-introduction-grade-7,https://www.noamdoronmath.co.il/post/probability-introduction-grade-7,200,גבוה
https://www.noamdoronmath.co.il/post/rectangle-square-area-advanced-grade-7,https://www.noamdoronmath.co.il/post/rectangle-square-area-advanced-grade-7,200,גבוה
https://www.noamdoronmath.co.il/post/relative-frequency-experiments-grade-7,https://www.noamdoronmath.co.il/post/relative-frequency-experiments-grade-7,200,גבוה
https://www.noamdoronmath.co.il/post/relative-frequency-introduction-grade-7,https://www.noamdoronmath.co.il/post/relative-frequency-introduction-grade-7,200,גבוה
https://www.noamdoronmath.co.il/post/simplify-then-solve-equations-grade-7,https://www.noamdoronmath.co.il/post/simplify-then-solve-equations-grade-7,200,גבוה
https://www.noamdoronmath.co.il/post/substitution-in-algebraic-expressions-grade-7,https://www.noamdoronmath.co.il/post/substitution-in-algebraic-expressions-grade-7,200,גבוה
https://www.noamdoronmath.co.il/post/three-representations-equation-solution-grade-7,https://www.noamdoronmath.co.il/post/three-representations-equation-solution-grade-7,200,גבוה
https://www.noamdoronmath.co.il/post/triangular-prism-surface-area-grade-7,https://www.noamdoronmath.co.il/post/triangular-prism-surface-area-grade-7,200,גבוה
https://www.noamdoronmath.co.il/post/triangular-prism-volume-grade-7,https://www.noamdoronmath.co.il/post/triangular-prism-volume-grade-7,200,גבוה
https://www.noamdoronmath.co.il/post/two-step-equations-grade-7,https://www.noamdoronmath.co.il/post/two-step-equations-grade-7,200,גבוה
https://www.noamdoronmath.co.il/post/unknown-on-both-sides-grade-7,https://www.noamdoronmath.co.il/post/unknown-on-both-sides-grade-7,200,גבוה
https://www.noamdoronmath.co.il/post/variables-and-algebraic-modeling-grade-7,https://www.noamdoronmath.co.il/post/variables-and-algebraic-modeling-grade-7,200,גבוה
https://www.noamdoronmath.co.il/post/what-is-an-equation-solution-grade-7,https://www.noamdoronmath.co.il/post/what-is-an-equation-solution-grade-7,200,גבוה
https://www.noamdoronmath.co.il/post/word-problems-with-equations-grade-7,https://www.noamdoronmath.co.il/post/word-problems-with-equations-grade-7,200,גבוה
https://www.noamdoronmath.co.il/post/איך-לתרגל-גאומטריה-לכיתה-ו-ולהצליח-במבחנים,https://www.noamdoronmath.co.il/post/איך-לתרגל-גאומטריה-לכיתה-ו-ולהצליח-במבחנים,200,גבוה
https://www.noamdoronmath.co.il/post/איך-פותרים-סדר-פעולות-חשבון-בלי-להתבלבל,https://www.noamdoronmath.co.il/post/איך-פותרים-סדר-פעולות-חשבון-בלי-להתבלבל,200,גבוה
https://www.noamdoronmath.co.il/post/בינה-חינוכית-שמקדמת-כל-תלמיד-במתמטיקה,https://www.noamdoronmath.co.il/post/בינה-חינוכית-שמקדמת-כל-תלמיד-במתמטיקה,200,גבוה
https://www.noamdoronmath.co.il/post/בעיות-מילוליות-במתמטיקה-פותרים-שלב-אחר-שלב,https://www.noamdoronmath.co.il/post/בעיות-מילוליות-במתמטיקה-פותרים-שלב-אחר-שלב,200,גבוה
https://www.noamdoronmath.co.il/post/בקרוב-סוכן-בינה-מלאכותית-לתרגול-דפי-עבודה,https://www.noamdoronmath.co.il/post/בקרוב-סוכן-בינה-מלאכותית-לתרגול-דפי-עבודה,200,גבוה
https://www.noamdoronmath.co.il/post/דפי-עבודה-במתמטיקה-בחינם-לכיתות-א-ט-לבית-ובקרוב-גם-סוכן-ai-תומך,https://www.noamdoronmath.co.il/post/דפי-עבודה-במתמטיקה-בחינם-לכיתות-א-ט-לבית-ובקרוב-גם-סוכן-ai-תומך,200,גבוה
https://www.noamdoronmath.co.il/post/דפי-עבודה-במתמטיקה-ללא-הרשמה-לכל-כיתה-ונושא,https://www.noamdoronmath.co.il/post/דפי-עבודה-במתמטיקה-ללא-הרשמה-לכל-כיתה-ונושא,200,גבוה
https://www.noamdoronmath.co.il/post/דפי-עבודה-לכיתה-א-שמחזקים-ביטחון-במתמטיקה,https://www.noamdoronmath.co.il/post/דפי-עבודה-לכיתה-א-שמחזקים-ביטחון-במתמטיקה,200,גבוה
https://www.noamdoronmath.co.il/post/דפי-עבודה-ללוח-הכפל-לתרגול-נכון-בבית,https://www.noamdoronmath.co.il/post/דפי-עבודה-ללוח-הכפל-לתרגול-נכון-בבית,200,גבוה
https://www.noamdoronmath.co.il/post/דפי-עבודה-למורים-במתמטיקה-שמקצרים-הכנה-לשיעור,https://www.noamdoronmath.co.il/post/דפי-עבודה-למורים-במתמטיקה-שמקצרים-הכנה-לשיעור,200,גבוה
https://www.noamdoronmath.co.il/post/דפי-עבודה-לשיעורי-בית-במתמטיקה-שמקדמים-ביטחון,https://www.noamdoronmath.co.il/post/דפי-עבודה-לשיעורי-בית-במתמטיקה-שמקדמים-ביטחון,200,גבוה
https://www.noamdoronmath.co.il/post/הכנה-למבחן-במתמטיקה-לכיתה-ה-ב-7-ימים,https://www.noamdoronmath.co.il/post/הכנה-למבחן-במתמטיקה-לכיתה-ה-ב-7-ימים,200,גבוה
https://www.noamdoronmath.co.il/post/חוברות-חשבון-מול-דפי-תרגול-מה-מתאים-לילד,https://www.noamdoronmath.co.il/post/חוברות-חשבון-מול-דפי-תרגול-מה-מתאים-לילד,200,גבוה
https://www.noamdoronmath.co.il/post/חזרה-ממוקדת-במתמטיקה-אונליין-שמקדמת-באמת,https://www.noamdoronmath.co.il/post/חזרה-ממוקדת-במתמטיקה-אונליין-שמקדמת-באמת,200,גבוה
https://www.noamdoronmath.co.il/post/מדריך-לחזקות-ושורשים-בחטיבה-לתרגול-בטוח,https://www.noamdoronmath.co.il/post/מדריך-לחזקות-ושורשים-בחטיבה-לתרגול-בטוח,200,גבוה
https://www.noamdoronmath.co.il/post/מדריך-לקריאת-גרפים-לילדים-בצורה-פשוטה,https://www.noamdoronmath.co.il/post/מדריך-לקריאת-גרפים-לילדים-בצורה-פשוטה,200,גבוה
https://www.noamdoronmath.co.il/post/מדריך-לתרגול-צירים-קואורדינטות-שמתחיל-נכון,https://www.noamdoronmath.co.il/post/מדריך-לתרגול-צירים-קואורדינטות-שמתחיל-נכון,200,גבוה
https://www.noamdoronmath.co.il/post/משוואות-לכיתה-ח-תרגול-שמסדר-את-הדרך,https://www.noamdoronmath.co.il/post/משוואות-לכיתה-ח-תרגול-שמסדר-את-הדרך,200,גבוה
https://www.noamdoronmath.co.il/post/מתי-לומדים-אחוזים-ואיך-בונים-הבנה-נכונה-בכיתה-ו,https://www.noamdoronmath.co.il/post/מתי-לומדים-אחוזים-ואיך-בונים-הבנה-נכונה-בכיתה-ו,200,גבוה
https://www.noamdoronmath.co.il/post/מתמטיקה-לילדים-שבונה-ביטחון-ותרגול-נכון,https://www.noamdoronmath.co.il/post/מתמטיקה-לילדים-שבונה-ביטחון-ותרגול-נכון,200,גבוה
https://www.noamdoronmath.co.il/post/סוכן-ai-לתרגילים-כמו-מורה-פרטי-והכול-בחינם,https://www.noamdoronmath.co.il/post/סוכן-ai-לתרגילים-כמו-מורה-פרטי-והכול-בחינם,200,גבוה
https://www.noamdoronmath.co.il/post/פונקציות-לכיתה-ט-להבין-גרפים-ולפתור-נכון,https://www.noamdoronmath.co.il/post/פונקציות-לכיתה-ט-להבין-גרפים-ולפתור-נכון,200,גבוה
https://www.noamdoronmath.co.il/post/פערים-לימודיים-במתמטיקה-כך-סוגרים-אותם-נכון,https://www.noamdoronmath.co.il/post/פערים-לימודיים-במתמטיקה-כך-סוגרים-אותם-נכון,200,גבוה
https://www.noamdoronmath.co.il/post/תרגול-חשיבה-מתמטית-לילדים-שבונה-ביטחון,https://www.noamdoronmath.co.il/post/תרגול-חשיבה-מתמטית-לילדים-שבונה-ביטחון,200,גבוה
https://www.noamdoronmath.co.il/post/תרגול-מספרים-עשרוניים-לכיתה-ו-בבית-ובכיתה,https://www.noamdoronmath.co.il/post/תרגול-מספרים-עשרוניים-לכיתה-ו-בבית-ובכיתה,200,גבוה
https://www.noamdoronmath.co.il/post/תרגול-מתמטיקה-לתלמידים-מתקשים-שמקדם-ביטחון,https://www.noamdoronmath.co.il/post/תרגול-מתמטיקה-לתלמידים-מתקשים-שמקדם-ביטחון,200,גבוה
https://www.noamdoronmath.co.il/post/תרגול-שברים-לכיתה-ד-שמחזק-הבנה-וביטחון,https://www.noamdoronmath.co.il/post/תרגול-שברים-לכיתה-ד-שמחזק-הבנה-וביטחון,200,גבוה
https://www.noamdoronmath.co.il/post/תרגילי-אחוזים-לכיתה-ז-לתרגול-בטוח-ומדויק,https://www.noamdoronmath.co.il/post/תרגילי-אחוזים-לכיתה-ז-לתרגול-בטוח-ומדויק,200,גבוה
https://www.noamdoronmath.co.il/post/תרגילי-אתגר-במתמטיקה-לכיתה-ד-שמקדמים-חשיבה,https://www.noamdoronmath.co.il/post/תרגילי-אתגר-במתמטיקה-לכיתה-ד-שמקדמים-חשיבה,200,גבוה
https://www.noamdoronmath.co.il/post/תרגילי-חיבור-וחיסור-לכיתה-א-לתרגול-נכון-בבית,https://www.noamdoronmath.co.il/post/תרגילי-חיבור-וחיסור-לכיתה-א-לתרגול-נכון-בבית,200,גבוה
https://www.noamdoronmath.co.il/powers-grade-7,https://www.noamdoronmath.co.il/powers-grade-7,200,גבוה
https://www.noamdoronmath.co.il/precalculus-functions-graphs-grade-9,https://www.noamdoronmath.co.il/precalculus-functions-graphs-grade-9,200,גבוה
https://www.noamdoronmath.co.il/probability-grade-9,https://www.noamdoronmath.co.il/probability-grade-9,200,גבוה
https://www.noamdoronmath.co.il/pythagoras-applications-grade-7,https://www.noamdoronmath.co.il/pythagoras-applications-grade-7,200,גבוה
https://www.noamdoronmath.co.il/pythagoras-applications-grade-9,https://www.noamdoronmath.co.il/pythagoras-applications-grade-9,200,גבוה
https://www.noamdoronmath.co.il/pythagoras-basics-grade-9,https://www.noamdoronmath.co.il/pythagoras-basics-grade-9,200,גבוה
https://www.noamdoronmath.co.il/pythagoras-in-space-grade-8,https://www.noamdoronmath.co.il/pythagoras-in-space-grade-8,200,גבוה
https://www.noamdoronmath.co.il/pythagorean-theorem-grade-7,https://www.noamdoronmath.co.il/pythagorean-theorem-grade-7,200,גבוה
https://www.noamdoronmath.co.il/pythagorean-theorem-grade-8,https://www.noamdoronmath.co.il/pythagorean-theorem-grade-8,200,גבוה
https://www.noamdoronmath.co.il/pythagorean-theorem-grade-9,https://www.noamdoronmath.co.il/pythagorean-theorem-grade-9,200,גבוה
https://www.noamdoronmath.co.il/quadratic-equations-grade-9,https://www.noamdoronmath.co.il/quadratic-equations-grade-9,200,גבוה
https://www.noamdoronmath.co.il/quadratic-function-grade-9,https://www.noamdoronmath.co.il/quadratic-function-grade-9,200,גבוה
https://www.noamdoronmath.co.il/quadratic-inequalities-systems-grade-9,https://www.noamdoronmath.co.il/quadratic-inequalities-systems-grade-9,200,גבוה
https://www.noamdoronmath.co.il/reading-graphs-grade-9,https://www.noamdoronmath.co.il/reading-graphs-grade-9,200,גבוה
https://www.noamdoronmath.co.il/rectangle-grade-9,https://www.noamdoronmath.co.il/rectangle-grade-9,200,גבוה
https://www.noamdoronmath.co.il/rectangle-square-area-grade-9,https://www.noamdoronmath.co.il/rectangle-square-area-grade-9,200,גבוה
https://www.noamdoronmath.co.il/rhombus-grade-9,https://www.noamdoronmath.co.il/rhombus-grade-9,200,גבוה
https://www.noamdoronmath.co.il/signed-numbers-grade-7,https://www.noamdoronmath.co.il/signed-numbers-grade-7,200,גבוה
https://www.noamdoronmath.co.il/similar-triangles-area-ratio-grade-8,https://www.noamdoronmath.co.il/similar-triangles-area-ratio-grade-8,200,גבוה
https://www.noamdoronmath.co.il/similar-triangles-grade-8,https://www.noamdoronmath.co.il/similar-triangles-grade-8,200,גבוה
https://www.noamdoronmath.co.il/similar-triangles-grade-9,https://www.noamdoronmath.co.il/similar-triangles-grade-9,200,גבוה
https://www.noamdoronmath.co.il/solids-box-cube-prism-grade-7,https://www.noamdoronmath.co.il/solids-box-cube-prism-grade-7,200,גבוה
https://www.noamdoronmath.co.il/special-triangles-grade-7-new,https://www.noamdoronmath.co.il/special-triangles-grade-7-new,200,גבוה
https://www.noamdoronmath.co.il/square-grade-9,https://www.noamdoronmath.co.il/square-grade-9,200,גבוה
https://www.noamdoronmath.co.il/square-root-grade-7,https://www.noamdoronmath.co.il/square-root-grade-7,200,גבוה
https://www.noamdoronmath.co.il/square-roots-grade-9,https://www.noamdoronmath.co.il/square-roots-grade-9,200,גבוה
https://www.noamdoronmath.co.il/statistics-grade-8,https://www.noamdoronmath.co.il/statistics-grade-8,200,גבוה
https://www.noamdoronmath.co.il/statistics-grade-9,https://www.noamdoronmath.co.il/statistics-grade-9,200,גבוה
https://www.noamdoronmath.co.il/systems-of-equations-grade-8,https://www.noamdoronmath.co.il/systems-of-equations-grade-8,200,גבוה
https://www.noamdoronmath.co.il/terms,https://www.noamdoronmath.co.il/terms,200,גבוה
https://www.noamdoronmath.co.il/transition-to-high-school-grade-9,https://www.noamdoronmath.co.il/transition-to-high-school-grade-9,200,גבוה
https://www.noamdoronmath.co.il/trapezoid-grade-9,https://www.noamdoronmath.co.il/trapezoid-grade-9,200,גבוה
https://www.noamdoronmath.co.il/triangle-30-60-90-grade-9,https://www.noamdoronmath.co.il/triangle-30-60-90-grade-9,200,גבוה
https://www.noamdoronmath.co.il/triangle-area-grade-7,https://www.noamdoronmath.co.il/triangle-area-grade-7,200,גבוה
https://www.noamdoronmath.co.il/triangle-area-grade-9,https://www.noamdoronmath.co.il/triangle-area-grade-9,200,גבוה
https://www.noamdoronmath.co.il/triangle-calculations-grade-9,https://www.noamdoronmath.co.il/triangle-calculations-grade-9,200,גבוה
https://www.noamdoronmath.co.il/triangle-congruence-grade-8,https://www.noamdoronmath.co.il/triangle-congruence-grade-8,200,גבוה
https://www.noamdoronmath.co.il/triangle-congruence-proofs-grade-8,https://www.noamdoronmath.co.il/triangle-congruence-proofs-grade-8,200,גבוה
https://www.noamdoronmath.co.il/triangle-median-grade-8,https://www.noamdoronmath.co.il/triangle-median-grade-8,200,גבוה
https://www.noamdoronmath.co.il/triangle-quadrilateral-angle-sum-grade-7,https://www.noamdoronmath.co.il/triangle-quadrilateral-angle-sum-grade-7,200,גבוה
https://www.noamdoronmath.co.il/triangle-sides-angles-grade-9,https://www.noamdoronmath.co.il/triangle-sides-angles-grade-9,200,גבוה
https://www.noamdoronmath.co.il/triangle-similarity-aa-grade-9,https://www.noamdoronmath.co.il/triangle-similarity-aa-grade-9,200,גבוה
https://www.noamdoronmath.co.il/triangle-similarity-proof-grade-8,https://www.noamdoronmath.co.il/triangle-similarity-proof-grade-8,200,גבוה
https://www.noamdoronmath.co.il/triangular-prism-surface-area-grade-9,https://www.noamdoronmath.co.il/triangular-prism-surface-area-grade-9,200,גבוה
https://www.noamdoronmath.co.il/triangular-prism-volume-grade-9,https://www.noamdoronmath.co.il/triangular-prism-volume-grade-9,200,גבוה
https://www.noamdoronmath.co.il/word-problems-grade-9,https://www.noamdoronmath.co.il/word-problems-grade-9,200,גבוה
https://www.noamdoronmath.co.il/worksheets,https://www.noamdoronmath.co.il/worksheets,200,גבוה
